Time,Anomaly (deg C),Lower confidence limit (2.5%),Upper confidence limit (97.5%)
1850-01,-0.67067045,-1.0738212,-0.2675197
1850-02,-0.29606587,-0.7266125,0.13448082
1850-03,-0.69936514,-1.1399534,-0.2587769
1850-04,-0.50778353,-0.8760154,-0.13955167
1850-05,-0.32861033,-0.6174912,-0.039729524
1850-06,-0.23672837,-0.5484093,0.07495253
1850-07,-0.12972142,-0.41748953,0.15804671
1850-08,-0.20671949,-0.50654995,0.093110986
1850-09,-0.3568367,-0.6679595,-0.045713894
1850-10,-0.44170967,-0.781921,-0.10149827
1850-11,-0.15046318,-0.49493235,0.19400598
1850-12,-0.23865248,-0.5931631,0.11585811
1851-01,-0.22226958,-0.59360933,0.14907017
1851-02,-0.32772002,-0.76276547,0.10732543
1851-03,-0.40813738,-0.82215005,0.005875289
1851-04,-0.46513048,-0.81233937,-0.117921576
1851-05,-0.2795509,-0.55766374,-0.0014381171
1851-06,-0.24666747,-0.5490051,0.055670124
1851-07,-0.16287142,-0.42797628,0.10223344
1851-08,-0.16982034,-0.45060256,0.11096188
1851-09,-0.061501317,-0.36249247,0.23948985
1851-10,-0.05339947,-0.4082203,0.30142134
1851-11,-0.0245179,-0.42450127,0.37546548
1851-12,-0.048125647,-0.42510185,0.32885054
1852-01,-0.30048946,-0.68392986,0.082950905
1852-02,-0.44497147,-0.8719588,-0.017984152
1852-03,-0.4881294,-0.8738138,-0.10244501
1852-04,-0.56813776,-0.9147991,-0.22147636
1852-05,-0.19644323,-0.4604079,0.06752147
1852-06,-0.056101035,-0.32622853,0.21402645
1852-07,0.0683444,-0.21114023,0.347829
1852-08,-0.19376555,-0.48362702,0.096095935
1852-09,-0.09269428,-0.40335405,0.2179655
1852-10,-0.19718796,-0.47593513,0.081559196
1852-11,-0.19612192,-0.5886715,0.19642769
1852-12,0.11365073,-0.26983035,0.49713182
1853-01,-0.12504381,-0.47011036,0.22002274
1853-02,-0.2957885,-0.66878915,0.07721212
1853-03,-0.22168373,-0.59381247,0.15044501
1853-04,-0.31860602,-0.64761484,0.010402794
1853-05,-0.25208554,-0.52354056,0.019369477
1853-06,-0.13810374,-0.40357345,0.12736599
1853-07,-0.047722775,-0.31507412,0.21962856
1853-08,-0.13945188,-0.41491693,0.13601318
1853-09,-0.3661218,-0.6478137,-0.08442994
1853-10,-0.35335568,-0.6591847,-0.04752666
1853-11,-0.26452973,-0.6367721,0.10771258
1853-12,-0.45287886,-0.82951707,-0.076240644
1854-01,-0.32082802,-0.6478302,0.006174147
1854-02,-0.25228414,-0.63852674,0.13395846
1854-03,-0.2239932,-0.5866831,0.13869667
1854-04,-0.36655173,-0.68471336,-0.048390068
1854-05,-0.21804462,-0.46658355,0.030494303
1854-06,-0.20223026,-0.46097487,0.056514375
1854-07,-0.24013202,-0.4948425,0.014578482
1854-08,-0.14775069,-0.38330257,0.0878012
1854-09,-0.11782359,-0.37399954,0.13835235
1854-10,-0.17964554,-0.4194932,0.060202103
1854-11,-0.37514344,-0.73545,-0.014836831
1854-12,-0.37845397,-0.75171024,-0.005197723
1855-01,-0.18686952,-0.5024954,0.12875637
1855-02,-0.37485904,-0.7527608,0.0030427494
1855-03,-0.27691004,-0.66327816,0.10945808
1855-04,-0.24979256,-0.5608625,0.06127736
1855-05,-0.36567906,-0.6052437,-0.12611438
1855-06,-0.29429707,-0.5311474,-0.05744668
1855-07,-0.27395576,-0.5046843,-0.043227214
1855-08,-0.15191075,-0.3902588,0.086437285
1855-09,-0.30088493,-0.52502805,-0.076741785
1855-10,-0.15853164,-0.42923066,0.11216739
1855-11,-0.26385105,-0.5915859,0.06388375
1855-12,-0.46609172,-0.767801,-0.16438241
1856-01,-0.11099361,-0.42551583,0.20352861
1856-02,-0.2983755,-0.66055745,0.06380646
1856-03,-0.37984797,-0.7475818,-0.012114162
1856-04,-0.34723106,-0.6641266,-0.030335538
1856-05,-0.17051901,-0.41568246,0.07464444
1856-06,-0.2379779,-0.4914891,0.015533287
1856-07,-0.34624627,-0.57943153,-0.11306103
1856-08,-0.30441767,-0.5489349,-0.059900485
1856-09,-0.3661008,-0.5938086,-0.13839301
1856-10,-0.39034823,-0.65995955,-0.1207369
1856-11,-0.570975,-0.9340469,-0.20790306
1856-12,-0.525115,-0.8783398,-0.1718902
1857-01,-0.49463385,-0.7696643,-0.21960343
1857-02,-0.3476642,-0.7201943,0.02486583
1857-03,-0.57383335,-0.93662125,-0.2110455
1857-04,-0.6228216,-0.9367951,-0.30884814
1857-05,-0.49014625,-0.71358514,-0.26670736
1857-06,-0.3239598,-0.57286716,-0.07505247
1857-07,-0.48402902,-0.7223904,-0.24566765
1857-08,-0.31863713,-0.5603497,-0.07692452
1857-09,-0.36317974,-0.59976107,-0.12659846
1857-10,-0.4196708,-0.6671869,-0.17215465
1857-11,-0.58601904,-0.92231596,-0.24972211
1857-12,-0.23288314,-0.5299673,0.06420099
1858-01,-0.38132438,-0.6886657,-0.07398309
1858-02,-0.5775108,-0.95394444,-0.2010771
1858-03,-0.48745483,-0.87276816,-0.10214146
1858-04,-0.5076734,-0.8297169,-0.1856298
1858-05,-0.5771471,-0.80590993,-0.3483843
1858-06,-0.45348763,-0.7086254,-0.19834991
1858-07,-0.26328048,-0.48235664,-0.04420431
1858-08,-0.23501897,-0.4769038,0.0068658856
1858-09,-0.27511618,-0.5312858,-0.01894653
1858-10,-0.18630351,-0.452714,0.080106966
1858-11,-0.4802781,-0.8232935,-0.13726267
1858-12,-0.4067458,-0.7527075,-0.060784098
1859-01,-0.3021406,-0.6030108,-0.0012704217
1859-02,-0.20041993,-0.57465416,0.1738143
1859-03,-0.30592462,-0.66534376,0.053494554
1859-04,-0.15227242,-0.46360892,0.1590641
1859-05,-0.17187876,-0.41416326,0.07040577
1859-06,-0.18552311,-0.42736462,0.056318387
1859-07,-0.2897458,-0.5125677,-0.06692388
1859-08,-0.1384851,-0.3935416,0.1165714
1859-09,-0.4340592,-0.68499535,-0.18312304
1859-10,-0.27190155,-0.5410396,-0.0027634755
1859-11,-0.26295286,-0.60793054,0.08202477
1859-12,-0.26596764,-0.60219556,0.070260264
1860-01,-0.17660756,-0.5018946,0.14867948
1860-02,-0.37104794,-0.7564973,0.01440142
1860-03,-0.44629967,-0.8354955,-0.057103902
1860-04,-0.23025428,-0.56005234,0.099543765
1860-05,-0.25076225,-0.4955058,-0.006018685
1860-06,-0.21100593,-0.46999082,0.047978964
1860-07,-0.22782888,-0.4636989,0.008041145
1860-08,-0.21818976,-0.47307637,0.03669687
1860-09,-0.11524668,-0.35649747,0.1260041
1860-10,-0.29586768,-0.55773264,-0.034002725
1860-11,-0.47364694,-0.8081798,-0.1391141
1860-12,-0.58277863,-0.89313453,-0.27242264
1861-01,-0.72420734,-1.0610033,-0.38741133
1861-02,-0.40500078,-0.92809796,0.11809638
1861-03,-0.4132129,-0.9826154,0.15618962
1861-04,-0.36899164,-0.7925261,0.054542854
1861-05,-0.69718325,-0.95311886,-0.44124767
1861-06,-0.2053233,-0.48597857,0.07533201
1861-07,-0.25808296,-0.4919414,-0.024224536
1861-08,-0.12608664,-0.39331785,0.1411446
1861-09,-0.28809994,-0.5398524,-0.036347512
1861-10,-0.34008464,-0.5928765,-0.08729277
1861-11,-0.33720306,-0.7034479,0.029041817
1861-12,-0.23071231,-0.56743556,0.106010966
1862-01,-0.70355725,-1.1244339,-0.28268057
1862-02,-0.8184303,-1.3697994,-0.2670613
1862-03,-0.4136456,-0.9628325,0.13554136
1862-04,-0.22427846,-0.6218842,0.1733273
1862-05,-0.19533859,-0.43964833,0.048971146
1862-06,-0.3370079,-0.5914667,-0.08254913
1862-07,-0.32003042,-0.5633458,-0.07671504
1862-08,-0.64875627,-0.93975806,-0.35775444
1862-09,-0.4293869,-0.6630731,-0.1957007
1862-10,-0.33920446,-0.6090754,-0.069333464
1862-11,-0.66915494,-1.049173,-0.28913686
1862-12,-0.7535764,-1.0789762,-0.42817667
1863-01,0.053928994,-0.35290012,0.46075812
1863-02,-0.06746185,-0.64416915,0.50924546
1863-03,-0.21125238,-0.7194359,0.29693115
1863-04,-0.2526,-0.6487349,0.1435349
1863-05,-0.35308886,-0.5815218,-0.12465589
1863-06,-0.3796411,-0.637605,-0.1216772
1863-07,-0.37072852,-0.62567973,-0.11577728
1863-08,-0.26178944,-0.55315286,0.02957393
1863-09,-0.29234153,-0.54889196,-0.035791073
1863-10,-0.32298368,-0.5736894,-0.07227799
1863-11,-0.3013899,-0.64226216,0.03948232
1863-12,-0.3222247,-0.65671396,0.01226455
1864-01,-0.8818673,-1.3222821,-0.44145253
1864-02,-0.56105673,-1.1267203,0.004606835
1864-03,-0.4594844,-1.0029696,0.08400084
1864-04,-0.5123274,-0.9213809,-0.1032738
1864-05,-0.39714393,-0.6676053,-0.12668258
1864-06,-0.11697589,-0.38368273,0.14973095
1864-07,-0.14529197,-0.37814662,0.08756268
1864-08,-0.27363673,-0.563094,0.015820531
1864-09,-0.4449332,-0.6958535,-0.19401295
1864-10,-0.676685,-0.94948447,-0.40388545
1864-11,-0.4529456,-0.8088433,-0.09704789
1864-12,-0.5625125,-0.8962906,-0.22873439
1865-01,-0.043408833,-0.44615912,0.35934144
1865-02,-0.49156162,-1.1425809,0.15945762
1865-03,-0.5579047,-1.1867814,0.070971966
1865-04,-0.1747181,-0.59613603,0.24669984
1865-05,-0.25611186,-0.5095477,-0.0026759969
1865-06,-0.23658907,-0.5073516,0.03417346
1865-07,-0.09606334,-0.33564216,0.14351548
1865-08,-0.24494906,-0.5317643,0.04186624
1865-09,-0.08477347,-0.33650976,0.16696282
1865-10,-0.30140448,-0.59882146,-0.0039874543
1865-11,-0.22842497,-0.576329,0.11947908
1865-12,-0.30980077,-0.66383296,0.044231407
1866-01,0.07868057,-0.3403931,0.49775422
1866-02,-0.1769377,-0.7424062,0.38853076
1866-03,-0.5494255,-1.1003397,0.0014887218
1866-04,-0.26595345,-0.73098105,0.1990742
1866-05,-0.5700585,-0.85993695,-0.28018007
1866-06,0.077972494,-0.1970246,0.3529696
1866-07,-0.0013824484,-0.24451931,0.24175441
1866-08,-0.25816676,-0.5347172,0.018383693
1866-09,-0.2285273,-0.48073623,0.023681639
1866-10,-0.33735135,-0.5999444,-0.074758306
1866-11,-0.2398223,-0.6035301,0.123885505
1866-12,-0.33944327,-0.70377797,0.024891436
1867-01,-0.3113658,-0.7249458,0.102214135
1867-02,0.005300627,-0.62158245,0.6321837
1867-03,-0.6154661,-1.2017907,-0.029141556
1867-04,-0.23493157,-0.68009484,0.21023166
1867-05,-0.54125875,-0.7989991,-0.2835184
1867-06,-0.2902842,-0.56998783,-0.010580588
1867-07,-0.23934561,-0.47934052,0.0006493007
1867-08,-0.25436753,-0.5470764,0.038341355
1867-09,-0.090226255,-0.33816117,0.15770864
1867-10,-0.14455871,-0.39210448,0.10298706
1867-11,-0.3376333,-0.721058,0.045791436
1867-12,-0.6648806,-1.0035498,-0.32621133
1868-01,-0.6491939,-1.1275839,-0.17080383
1868-02,-0.43202767,-1.1173917,0.2533364
1868-03,-0.07285446,-0.71607006,0.57036114
1868-04,-0.31194314,-0.7333242,0.109437905
1868-05,-0.09756779,-0.37152264,0.17638706
1868-06,-0.22420885,-0.5059602,0.05754254
1868-07,0.107904434,-0.1570522,0.3728611
1868-08,-0.08394732,-0.3822885,0.21439382
1868-09,-0.21094975,-0.45365915,0.031759642
1868-10,-0.2668649,-0.5334838,-0.00024595286
1868-11,-0.4684054,-0.83004296,-0.10676783
1868-12,-0.13283347,-0.4665241,0.20085715
1869-01,-0.27788883,-0.6947063,0.13892864
1869-02,0.21401048,-0.29872495,0.7267459
1869-03,-0.58440566,-1.05766,-0.11115137
1869-04,-0.20911549,-0.5994909,0.1812599
1869-05,-0.28802544,-0.5272366,-0.04881432
1869-06,-0.3993794,-0.65063703,-0.14812176
1869-07,-0.32170588,-0.54684436,-0.0965674
1869-08,-0.09181804,-0.3450966,0.1614605
1869-09,-0.22088791,-0.4360891,-0.0056867357
1869-10,-0.4398282,-0.65551144,-0.22414494
1869-11,-0.37088194,-0.68903106,-0.05273285
1869-12,-0.39491388,-0.7010803,-0.088747434
1870-01,-0.09388018,-0.42475483,0.23699448
1870-02,-0.43637556,-0.83930933,-0.033441775
1870-03,-0.40141404,-0.8014945,-0.001333558
1870-04,-0.16861334,-0.5146486,0.17742196
1870-05,-0.14776374,-0.36931252,0.07378505
1870-06,-0.21523191,-0.44773558,0.017271768
1870-07,-0.023658331,-0.25405902,0.20674236
1870-08,-0.24685869,-0.511525,0.017807594
1870-09,-0.27806816,-0.5104447,-0.045691647
1870-10,-0.40470746,-0.6423047,-0.16711025
1870-11,-0.15328157,-0.49335313,0.18678999
1870-12,-0.6943303,-1.0080245,-0.38063616
1871-01,-0.511185,-0.8836795,-0.13869041
1871-02,-0.56753826,-1.086043,-0.049033582
1871-03,-0.0027953119,-0.48819894,0.48260832
1871-04,-0.12988979,-0.49786124,0.23808168
1871-05,-0.31313452,-0.5511843,-0.07508475
1871-06,-0.22922072,-0.48734805,0.028906602
1871-07,-0.0021990421,-0.21442494,0.21002686
1871-08,-0.22912784,-0.480205,0.021949317
1871-09,-0.44513488,-0.68506235,-0.20520741
1871-10,-0.48056436,-0.6949085,-0.26622024
1871-11,-0.5378874,-0.8468112,-0.22896363
1871-12,-0.5820143,-0.8961527,-0.26787603
1872-01,-0.30473807,-0.6671094,0.05763324
1872-02,-0.40242705,-0.865953,0.061098956
1872-03,-0.5033092,-0.96688807,-0.039730348
1872-04,-0.17098026,-0.50847095,0.16651042
1872-05,-0.03388092,-0.25420785,0.18644601
1872-06,-0.20611309,-0.4366144,0.024388198
1872-07,-0.12634955,-0.3290555,0.07635638
1872-08,-0.030998303,-0.2714817,0.20948508
1872-09,-0.13411805,-0.34390736,0.07567125
1872-10,-0.2572988,-0.47322083,-0.04137674
1872-11,-0.2597248,-0.56260324,0.043153673
1872-12,-0.44553995,-0.74897474,-0.14210516
1873-01,-0.05110077,-0.36981723,0.2676157
1873-02,-0.39945093,-0.87335044,0.07444857
1873-03,-0.28746548,-0.6841259,0.109194964
1873-04,-0.52054304,-0.8799164,-0.1611696
1873-05,-0.39108434,-0.60627514,-0.17589359
1873-06,-0.2769006,-0.52030444,-0.03349677
1873-07,-0.1480403,-0.36802834,0.07194775
1873-08,-0.16143899,-0.39554915,0.07267118
1873-09,-0.37437683,-0.58757865,-0.161175
1873-10,-0.4135573,-0.6320637,-0.19505084
1873-11,-0.45469862,-0.7531647,-0.15623257
1873-12,-0.27362627,-0.59821457,0.050962046
1874-01,0.02279462,-0.35094604,0.39653528
1874-02,-0.42460695,-0.8543924,0.005178542
1874-03,-0.56843156,-0.9772049,-0.1596582
1874-04,-0.51986945,-0.86508703,-0.17465188
1874-05,-0.42829943,-0.6715136,-0.18508528
1874-06,-0.46181944,-0.7126877,-0.21095127
1874-07,-0.15722737,-0.38672343,0.07226871
1874-08,-0.3590827,-0.60793936,-0.11022605
1874-09,-0.1741007,-0.3847773,0.0365759
1874-10,-0.4592103,-0.67550606,-0.24291451
1874-11,-0.49514362,-0.80470747,-0.18557979
1874-12,-0.4014291,-0.684439,-0.118419155
1875-01,-0.5618568,-0.8661578,-0.2575558
1875-02,-0.56327754,-1.0186452,-0.10790996
1875-03,-0.58330065,-0.9060362,-0.26056513
1875-04,-0.45378825,-0.75911754,-0.14845899
1875-05,-0.18276589,-0.40998942,0.04445764
1875-06,-0.21480387,-0.45252427,0.022916514
1875-07,-0.2911038,-0.5053516,-0.076856054
1875-08,-0.19404097,-0.42729205,0.03921013
1875-09,-0.2675667,-0.48094875,-0.05418467
1875-10,-0.32822543,-0.5351692,-0.121281676
1875-11,-0.49711886,-0.78865325,-0.20558451
1875-12,-0.5349795,-0.8159565,-0.25400257
1876-01,-0.35789648,-0.64872634,-0.06706656
1876-02,-0.28091457,-0.6704264,0.10859731
1876-03,-0.377882,-0.7385093,-0.017254667
1876-04,-0.29409173,-0.6012504,0.013066921
1876-05,-0.5316787,-0.7593739,-0.30398336
1876-06,-0.28774804,-0.5287196,-0.046776433
1876-07,-0.13899685,-0.34933132,0.07133762
1876-08,-0.23247235,-0.46766233,0.002717626
1876-09,-0.41931382,-0.64358747,-0.1950402
1876-10,-0.41131952,-0.62243557,-0.20020346
1876-11,-0.5946654,-0.90173966,-0.28759116
1876-12,-0.6916037,-0.97235465,-0.41085285
1877-01,-0.340556,-0.6591381,-0.02197388
1877-02,0.015247309,-0.37853557,0.40903017
1877-03,-0.26292622,-0.6111518,0.085299365
1877-04,-0.3042449,-0.6119099,0.0034201187
1877-05,-0.42376876,-0.65794116,-0.18959633
1877-06,-0.071571186,-0.29118982,0.14804743
1877-07,0.03503296,-0.18063927,0.25070518
1877-08,0.14979829,-0.089452185,0.38904876
1877-09,0.028123815,-0.16560015,0.22184777
1877-10,0.062355142,-0.17231947,0.29702976
1877-11,0.09294455,-0.18834947,0.37423858
1877-12,0.17871633,-0.09872278,0.45615545
1878-01,0.13529573,-0.16994873,0.4405402
1878-02,0.37170067,0.005979344,0.73742205
1878-03,0.32200164,-0.01980572,0.66380894
1878-04,0.29742703,-0.0007686096,0.59562266
1878-05,-0.10746609,-0.3512383,0.13630614
1878-06,0.0013989494,-0.23094636,0.23374425
1878-07,-0.06313556,-0.27081758,0.14454646
1878-08,-0.030851858,-0.2618711,0.2001674
1878-09,0.00391331,-0.18183568,0.1896623
1878-10,-0.13808477,-0.3489455,0.07277595
1878-11,-0.22933777,-0.5319753,0.07329979
1878-12,-0.37203094,-0.65646124,-0.08760069
1879-01,-0.21231925,-0.5137648,0.0891263
1879-02,-0.16698466,-0.5496091,0.21563977
1879-03,-0.117568426,-0.43911746,0.20398061
1879-04,-0.21799077,-0.5123659,0.07638435
1879-05,-0.24023162,-0.46421826,-0.016244976
1879-06,-0.26494622,-0.48549777,-0.044394657
1879-07,-0.24000466,-0.45276466,-0.027244654
1879-08,-0.16650662,-0.38637692,0.05336369
1879-09,-0.21827142,-0.41523033,-0.021312503
1879-10,-0.13079537,-0.33757308,0.07598231
1879-11,-0.4181791,-0.73354036,-0.10281782
1879-12,-0.54297125,-0.8401604,-0.24578203
1880-01,-0.08107987,-0.36463913,0.20247939
1880-02,-0.18488954,-0.5238779,0.15409882
1880-03,-0.13134356,-0.43014917,0.16746205
1880-04,-0.16946746,-0.46468025,0.1257453
1880-05,-0.2756866,-0.49201372,-0.059359446
1880-06,-0.33289558,-0.55146575,-0.11432539
1880-07,-0.2739435,-0.481982,-0.065905035
1880-08,-0.14012863,-0.35269848,0.07244121
1880-09,-0.23677221,-0.42977488,-0.04376953
1880-10,-0.4085375,-0.6115734,-0.20550162
1880-11,-0.42384607,-0.71102023,-0.1366719
1880-12,-0.30410835,-0.61746657,0.009249906
1881-01,-0.3861238,-0.67268527,-0.09956233
1881-02,-0.25259155,-0.6046501,0.09946702
1881-03,-0.22025685,-0.5240303,0.08351664
1881-04,-0.15978421,-0.4395859,0.12001746
1881-05,-0.0508445,-0.2502287,0.1485397
1881-06,-0.23534244,-0.45156366,-0.019121245
1881-07,-0.124701105,-0.3273622,0.07796
1881-08,-0.117403835,-0.3278507,0.09304303
1881-09,-0.24145848,-0.43334606,-0.04957089
1881-10,-0.2721907,-0.46036127,-0.08402011
1881-11,-0.3264172,-0.6316409,-0.021193458
1881-12,-0.13745797,-0.42988873,0.15497279
1882-01,0.10133382,-0.18109715,0.3837648
1882-02,-0.023196725,-0.34056464,0.29417118
1882-03,-0.06613724,-0.3644766,0.23220211
1882-04,-0.29606283,-0.55660963,-0.035516057
1882-05,-0.38876075,-0.605656,-0.17186546
1882-06,-0.3184253,-0.53055084,-0.10629977
1882-07,-0.21607256,-0.40872046,-0.023424655
1882-08,-0.22344369,-0.430295,-0.016592406
1882-09,-0.1486963,-0.331378,0.0339854
1882-10,-0.33569932,-0.5205586,-0.15084007
1882-11,-0.31389663,-0.6094274,-0.018365854
1882-12,-0.49409676,-0.7812994,-0.20689411
1883-01,-0.4138303,-0.6646323,-0.16302826
1883-02,-0.3261446,-0.64103526,-0.011253943
1883-03,-0.3630128,-0.64639026,-0.07963532
1883-04,-0.39355102,-0.6463197,-0.14078231
1883-05,-0.25909695,-0.46311948,-0.05507442
1883-06,-0.1375485,-0.33722237,0.06212536
1883-07,-0.21777551,-0.40580165,-0.029749362
1883-08,-0.23152633,-0.431214,-0.03183866
1883-09,-0.28396294,-0.4623305,-0.10559536
1883-10,-0.39264676,-0.5853091,-0.19998443
1883-11,-0.33065867,-0.62934726,-0.031970125
1883-12,-0.34237543,-0.6287485,-0.056002412
1884-01,-0.4119217,-0.6916607,-0.13218273
1884-02,-0.23135924,-0.5339625,0.071243964
1884-03,-0.47826493,-0.7785751,-0.17795472
1884-04,-0.5232416,-0.7733352,-0.27314794
1884-05,-0.41750512,-0.614647,-0.2203633
1884-06,-0.42875317,-0.6321362,-0.22537011
1884-07,-0.44346088,-0.6296913,-0.25723046
1884-08,-0.4166875,-0.61422986,-0.2191451
1884-09,-0.37171224,-0.567887,-0.17553748
1884-10,-0.3536308,-0.5727078,-0.13455385
1884-11,-0.5888869,-0.8837421,-0.2940317
1884-12,-0.42887026,-0.74464935,-0.1130912
1885-01,-0.5356368,-0.79624027,-0.27503327
1885-02,-0.43290764,-0.7230905,-0.14272475
1885-03,-0.50804806,-0.78007156,-0.23602459
1885-04,-0.4782526,-0.710495,-0.24601017
1885-05,-0.541584,-0.7399825,-0.34318554
1885-06,-0.4828092,-0.6861621,-0.27945626
1885-07,-0.3309266,-0.51359326,-0.14825992
1885-08,-0.50282323,-0.6957108,-0.30993575
1885-09,-0.33693835,-0.5190267,-0.15485
1885-10,-0.27328733,-0.46035138,-0.086223245
1885-11,-0.28035358,-0.56980455,0.00909739
1885-12,-0.17292432,-0.480161,0.13431238
1886-01,-0.42762887,-0.64717686,-0.20808089
1886-02,-0.49557456,-0.7805375,-0.21061169
1886-03,-0.41093603,-0.67593426,-0.14593785
1886-04,-0.35140052,-0.5836778,-0.119123176
1886-05,-0.21561068,-0.41076508,-0.020456295
1886-06,-0.40193987,-0.59780896,-0.20607078
1886-07,-0.3011178,-0.48488477,-0.11735083
1886-08,-0.34841326,-0.5392077,-0.15761884
1886-09,-0.4384316,-0.61821085,-0.2586523
1886-10,-0.3914807,-0.582947,-0.20001446
1886-11,-0.44060746,-0.73608804,-0.14512688
1886-12,-0.44126067,-0.73206913,-0.15045217
1887-01,-0.6045179,-0.8470955,-0.36194023
1887-02,-0.5820328,-0.87580776,-0.2882578
1887-03,-0.4825551,-0.77636003,-0.18875018
1887-04,-0.47322026,-0.71855104,-0.22788948
1887-05,-0.40082973,-0.5879278,-0.21373163
1887-06,-0.4204737,-0.6217326,-0.21921484
1887-07,-0.31364396,-0.500633,-0.12665491
1887-08,-0.39570263,-0.5871723,-0.20423298
1887-09,-0.36469117,-0.53754526,-0.19183707
1887-10,-0.5055143,-0.6718626,-0.33916602
1887-11,-0.43409067,-0.70615226,-0.16202906
1887-12,-0.4243672,-0.70156425,-0.14717008
1888-01,-0.61583376,-0.86235404,-0.36931345
1888-02,-0.48248735,-0.7999731,-0.1650016
1888-03,-0.5688579,-0.8651972,-0.27251863
1888-04,-0.2625891,-0.508537,-0.016641198
1888-05,-0.34249702,-0.5360107,-0.14898336
1888-06,-0.31327918,-0.5088677,-0.11769068
1888-07,-0.31991217,-0.5003104,-0.13951394
1888-08,-0.29597768,-0.49247158,-0.09948377
1888-09,-0.2402874,-0.4129067,-0.06766809
1888-10,-0.12901448,-0.34574035,0.08771137
1888-11,-0.21447733,-0.4946153,0.065660626
1888-12,-0.18699862,-0.48348552,0.10948827
1889-01,-0.09245119,-0.37082154,0.18591917
1889-02,-0.11789099,-0.43200588,0.19622388
1889-03,-0.084313944,-0.39682665,0.22819878
1889-04,-0.0172769,-0.2668254,0.2322716
1889-05,-0.09307273,-0.2774841,0.09133862
1889-06,-0.1692637,-0.36910596,0.030578563
1889-07,-0.20754811,-0.3956109,-0.019485328
1889-08,-0.24436355,-0.43588844,-0.052838627
1889-09,-0.39386216,-0.57107854,-0.21664578
1889-10,-0.32058817,-0.5085423,-0.13263406
1889-11,-0.40875238,-0.6902307,-0.12727405
1889-12,-0.18537238,-0.4786576,0.107912816
1890-01,-0.366828,-0.62830997,-0.105346
1890-02,-0.38198206,-0.70802885,-0.055935208
1890-03,-0.47558594,-0.805479,-0.1456929
1890-04,-0.34714472,-0.6119077,-0.08238174
1890-05,-0.41594416,-0.6180751,-0.21381328
1890-06,-0.40794253,-0.6112656,-0.20461948
1890-07,-0.41893053,-0.61032695,-0.22753409
1890-08,-0.42574254,-0.6241354,-0.22734973
1890-09,-0.5018912,-0.682235,-0.32154736
1890-10,-0.50719935,-0.6779654,-0.33643326
1890-11,-0.5707522,-0.8611647,-0.2803397
1890-12,-0.42546606,-0.7190901,-0.13184202
1891-01,-0.5388299,-0.822767,-0.2548928
1891-02,-0.5022788,-0.8410091,-0.16354848
1891-03,-0.39954174,-0.7322729,-0.0668105
1891-04,-0.3829794,-0.6441492,-0.121809565
1891-05,-0.21314198,-0.4172464,-0.0090375645
1891-06,-0.28434196,-0.48173413,-0.086949766
1891-07,-0.32598868,-0.52067447,-0.1313029
1891-08,-0.3224257,-0.5472923,-0.09755907
1891-09,-0.2144255,-0.41220567,-0.016645357
1891-10,-0.332789,-0.51448107,-0.15109694
1891-11,-0.55144894,-0.84429634,-0.2586015
1891-12,-0.12559779,-0.43431318,0.18311761
1892-01,-0.40500733,-0.6748249,-0.13518977
1892-02,-0.14949413,-0.48505533,0.18606707
1892-03,-0.48899722,-0.805351,-0.17264345
1892-04,-0.49386397,-0.75685114,-0.23087679
1892-05,-0.42301428,-0.61024016,-0.23578843
1892-06,-0.42996278,-0.6274938,-0.23243177
1892-07,-0.5140366,-0.71465564,-0.31341758
1892-08,-0.44656497,-0.6611005,-0.23202944
1892-09,-0.3601815,-0.55373764,-0.16662541
1892-10,-0.46133575,-0.6684385,-0.254233
1892-11,-0.6415121,-0.93826413,-0.3447601
1892-12,-0.80957204,-1.1212302,-0.49791384
1893-01,-0.9926766,-1.2596598,-0.72569346
1893-02,-0.7482001,-1.0773593,-0.4190409
1893-03,-0.40080437,-0.72510403,-0.07650474
1893-04,-0.56403935,-0.817023,-0.31105572
1893-05,-0.5903412,-0.7933365,-0.38734588
1893-06,-0.4755947,-0.68410105,-0.26708832
1893-07,-0.2727333,-0.45961502,-0.0858516
1893-08,-0.31106588,-0.5104423,-0.11168944
1893-09,-0.44174102,-0.6271661,-0.25631598
1893-10,-0.2871772,-0.4816722,-0.09268224
1893-11,-0.4401577,-0.71241176,-0.16790366
1893-12,-0.36560503,-0.6593748,-0.0718353
1894-01,-0.5023129,-0.78646237,-0.2181634
1894-02,-0.39543357,-0.7247945,-0.06607269
1894-03,-0.38633597,-0.71197194,-0.06070002
1894-04,-0.41305423,-0.6591006,-0.16700788
1894-05,-0.46895093,-0.66773665,-0.2701652
1894-06,-0.52961946,-0.734763,-0.3244759
1894-07,-0.34472382,-0.5243722,-0.16507539
1894-08,-0.3374324,-0.55667984,-0.11818496
1894-09,-0.44943017,-0.6313767,-0.26748362
1894-10,-0.47331858,-0.67807823,-0.2685589
1894-11,-0.43916264,-0.7048829,-0.17344235
1894-12,-0.4315168,-0.7109965,-0.15203707
1895-01,-0.54059744,-0.7920306,-0.2891643
1895-02,-0.7030438,-1.0238096,-0.382278
1895-03,-0.5340802,-0.8727565,-0.19540396
1895-04,-0.4352532,-0.69688,-0.17362638
1895-05,-0.44856375,-0.63417494,-0.26295257
1895-06,-0.3646706,-0.5635537,-0.16578753
1895-07,-0.3618707,-0.5559051,-0.16783634
1895-08,-0.3055781,-0.5110251,-0.1001312
1895-09,-0.29583186,-0.47865528,-0.11300843
1895-10,-0.35223305,-0.5405322,-0.16393393
1895-11,-0.29075822,-0.55891514,-0.022601321
1895-12,-0.34154567,-0.6307971,-0.052294265
1896-01,-0.24855942,-0.51589483,0.01877601
1896-02,-0.25203615,-0.5613003,0.057227973
1896-03,-0.43011287,-0.7619525,-0.0982732
1896-04,-0.377655,-0.62587357,-0.12943645
1896-05,-0.24371038,-0.42570403,-0.061716743
1896-06,-0.14218776,-0.33811292,0.0537374
1896-07,-0.14572735,-0.33076477,0.039310057
1896-08,-0.093221806,-0.29746476,0.11102115
1896-09,-0.13607998,-0.33618772,0.06402778
1896-10,-0.15737334,-0.33633515,0.021588486
1896-11,-0.31848222,-0.59504133,-0.041923102
1896-12,-0.04662327,-0.33779117,0.24454464
1897-01,-0.227587,-0.5012285,0.04605455
1897-02,-0.1749004,-0.49749544,0.14769463
1897-03,-0.30359995,-0.63533884,0.028138911
1897-04,-0.098161496,-0.35511532,0.15879233
1897-05,-0.06552168,-0.25599685,0.1249535
1897-06,-0.17780836,-0.3784444,0.022827696
1897-07,-0.19053765,-0.37681705,-0.0042582564
1897-08,-0.18022743,-0.39532775,0.034872897
1897-09,-0.1773665,-0.36425543,0.009522422
1897-10,-0.2827258,-0.47248736,-0.09296426
1897-11,-0.46764663,-0.7412521,-0.19404112
1897-12,-0.49700582,-0.7977296,-0.196282
1898-01,-0.14050189,-0.39399642,0.11299266
1898-02,-0.4255888,-0.73103726,-0.12014035
1898-03,-0.7721862,-1.0595801,-0.48479238
1898-04,-0.60814655,-0.8635191,-0.35277405
1898-05,-0.48362932,-0.6702169,-0.29704165
1898-06,-0.3358172,-0.52455515,-0.14707923
1898-07,-0.40328377,-0.5924252,-0.2141423
1898-08,-0.32561654,-0.5292348,-0.121998236
1898-09,-0.35864845,-0.5412708,-0.17602609
1898-10,-0.591636,-0.7812924,-0.4019796
1898-11,-0.48277158,-0.7386809,-0.22686225
1898-12,-0.39503074,-0.6775223,-0.11253915
1899-01,-0.23656282,-0.47928223,0.0061565726
1899-02,-0.5243913,-0.82275367,-0.22602892
1899-03,-0.60411155,-0.9046141,-0.30360892
1899-04,-0.38656494,-0.62863916,-0.14449072
1899-05,-0.34928352,-0.53512615,-0.16344087
1899-06,-0.43308663,-0.6264736,-0.23969965
1899-07,-0.30838856,-0.5051432,-0.111633874
1899-08,-0.19053528,-0.39792374,0.016853184
1899-09,-0.15900789,-0.3431632,0.025147405
1899-10,-0.18844426,-0.37122476,-0.0056637586
1899-11,-0.031516783,-0.2885912,0.22555763
1899-12,-0.4977058,-0.76650107,-0.22891046
1900-01,-0.3337234,-0.6027753,-0.06467147
1900-02,-0.22739522,-0.5291685,0.07437807
1900-03,-0.3271785,-0.63634574,-0.018011289
1900-04,-0.29355264,-0.55586356,-0.031241728
1900-05,-0.32727548,-0.520498,-0.13405299
1900-06,-0.21954556,-0.43210733,-0.006983806
1900-07,-0.22654656,-0.41907635,-0.03401675
1900-08,-0.2157933,-0.422578,-0.009008587
1900-09,-0.24062464,-0.42217782,-0.059071466
1900-10,-0.08815797,-0.2834225,0.10710656
1900-11,-0.28678235,-0.5634662,-0.010098559
1900-12,-0.09317112,-0.36800992,0.18166769
1901-01,-0.22274081,-0.47845775,0.03297612
1901-02,-0.32477617,-0.5935164,-0.05603593
1901-03,-0.26944223,-0.557657,0.018772557
1901-04,-0.23652801,-0.47395825,0.0009022273
1901-05,-0.22814062,-0.41653833,-0.039742924
1901-06,-0.19648512,-0.40573448,0.0127642425
1901-07,-0.24768405,-0.429831,-0.0655371
1901-08,-0.23853861,-0.4442893,-0.03278793
1901-09,-0.38177076,-0.5654123,-0.1981292
1901-10,-0.32147256,-0.511266,-0.13167912
1901-11,-0.4428974,-0.71900785,-0.16678697
1901-12,-0.46694526,-0.7407619,-0.19312865
1902-01,-0.25776038,-0.5085973,-0.0069234255
1902-02,-0.27427536,-0.5537408,0.0051900926
1902-03,-0.4418315,-0.7308284,-0.15283455
1902-04,-0.4840952,-0.7129519,-0.25523853
1902-05,-0.45544,-0.6327937,-0.27808633
1902-06,-0.44563833,-0.6499594,-0.24131729
1902-07,-0.4391859,-0.61686563,-0.26150614
1902-08,-0.4326886,-0.63179827,-0.23357894
1902-09,-0.42173082,-0.60606104,-0.23740056
1902-10,-0.53066576,-0.7217157,-0.33961585
1902-11,-0.5786614,-0.8574497,-0.29987302
1902-12,-0.55207896,-0.832457,-0.27170095
1903-01,-0.32350752,-0.56688154,-0.08013347
1903-02,-0.23875698,-0.5068175,0.029303545
1903-03,-0.40318796,-0.67984515,-0.1265308
1903-04,-0.54169357,-0.7632213,-0.32016578
1903-05,-0.52392375,-0.7000925,-0.34775507
1903-06,-0.59327585,-0.7907258,-0.39582586
1903-07,-0.528462,-0.70429593,-0.35262808
1903-08,-0.621466,-0.8253538,-0.4175782
1903-09,-0.5747069,-0.7563213,-0.39309254
1903-10,-0.68865186,-0.8779114,-0.49939233
1903-11,-0.6911095,-0.9415661,-0.44065282
1903-12,-0.646907,-0.92185163,-0.37196234
1904-01,-0.71494764,-0.9584184,-0.4714768
1904-02,-0.68763703,-0.9558874,-0.41938666
1904-03,-0.7367609,-1.01082,-0.4627018
1904-04,-0.618687,-0.84533024,-0.39204365
1904-05,-0.59180295,-0.7755266,-0.4080794
1904-06,-0.58490014,-0.78685766,-0.38294265
1904-07,-0.58197266,-0.76479703,-0.39914826
1904-08,-0.5298011,-0.73053056,-0.3290716
1904-09,-0.5167375,-0.7168031,-0.31667203
1904-10,-0.5210981,-0.71292007,-0.32927606
1904-11,-0.43519747,-0.68982106,-0.1805739
1904-12,-0.46005535,-0.7379928,-0.18211788
1905-01,-0.51075,-0.7472685,-0.2742315
1905-02,-0.747093,-1.0096732,-0.48451284
1905-03,-0.51005137,-0.7777161,-0.24238664
1905-04,-0.5841801,-0.8100691,-0.3582911
1905-05,-0.39325106,-0.5798661,-0.20663598
1905-06,-0.35605815,-0.55640465,-0.15571167
1905-07,-0.33840692,-0.51452273,-0.16229114
1905-08,-0.30415386,-0.51022303,-0.098084696
1905-09,-0.34594265,-0.52388835,-0.16799696
1905-10,-0.3876859,-0.56648624,-0.2088855
1905-11,-0.24733765,-0.5137745,0.019099247
1905-12,-0.22821145,-0.50601786,0.04959497
1906-01,-0.12009154,-0.35823533,0.11805224
1906-02,-0.2820544,-0.5437859,-0.020322867
1906-03,-0.32109588,-0.59346324,-0.048728544
1906-04,-0.15150811,-0.37349328,0.07047708
1906-05,-0.37417775,-0.5536986,-0.19465691
1906-06,-0.32479528,-0.52355075,-0.12603982
1906-07,-0.34212193,-0.5143446,-0.1698993
1906-08,-0.35056204,-0.55584186,-0.14528221
1906-09,-0.40571272,-0.5842489,-0.22717656
1906-10,-0.37480226,-0.55401635,-0.19558819
1906-11,-0.4637501,-0.7428498,-0.18465035
1906-12,-0.3121469,-0.57420546,-0.050088353
1907-01,-0.45409074,-0.6722033,-0.2359782
1907-02,-0.52502626,-0.77702856,-0.27302396
1907-03,-0.39776894,-0.66533744,-0.1302004
1907-04,-0.5280705,-0.7408123,-0.31532872
1907-05,-0.6048191,-0.7822792,-0.42735904
1907-06,-0.55837935,-0.747536,-0.36922273
1907-07,-0.42592472,-0.60248804,-0.24936135
1907-08,-0.48713073,-0.6876091,-0.28665242
1907-09,-0.4251925,-0.5953281,-0.25505695
1907-10,-0.39086717,-0.5510028,-0.23073158
1907-11,-0.61614555,-0.86448586,-0.36780524
1907-12,-0.55373764,-0.833821,-0.27365422
1908-01,-0.42251664,-0.6238296,-0.22120368
1908-02,-0.42986408,-0.67240876,-0.18731943
1908-03,-0.6439145,-0.8994213,-0.38840777
1908-04,-0.5663163,-0.7747211,-0.3579116
1908-05,-0.49849346,-0.6744974,-0.32248947
1908-06,-0.5010431,-0.6907998,-0.3112864
1908-07,-0.4841206,-0.65707284,-0.3111684
1908-08,-0.5509831,-0.7555751,-0.34639096
1908-09,-0.48033154,-0.65577644,-0.3048866
1908-10,-0.61364937,-0.77847147,-0.44882727
1908-11,-0.6370867,-0.8850041,-0.38916928
1908-12,-0.5997395,-0.85953414,-0.3399449
1909-01,-0.603339,-0.80860245,-0.39807555
1909-02,-0.56664777,-0.81590945,-0.31738612
1909-03,-0.7061735,-0.96711236,-0.4452346
1909-04,-0.62618303,-0.83886987,-0.41349617
1909-05,-0.6095805,-0.78506243,-0.43409863
1909-06,-0.53032506,-0.7172778,-0.34337226
1909-07,-0.59493864,-0.76599395,-0.42388326
1909-08,-0.33037832,-0.52982414,-0.13093254
1909-09,-0.41914833,-0.59765553,-0.24064109
1909-10,-0.5099217,-0.6729485,-0.346895
1909-11,-0.4392427,-0.6838043,-0.1946811
1909-12,-0.60889125,-0.8663338,-0.35144868
1910-01,-0.37115163,-0.58898443,-0.15331881
1910-02,-0.5358531,-0.7833661,-0.28834012
1910-03,-0.50002253,-0.75099754,-0.24904752
1910-04,-0.46532345,-0.67689365,-0.25375322
1910-05,-0.4937483,-0.66123784,-0.32625878
1910-06,-0.5057626,-0.6935901,-0.31793505
1910-07,-0.48267728,-0.65432364,-0.3110309
1910-08,-0.456379,-0.6645648,-0.24819319
1910-09,-0.45933074,-0.6386419,-0.2800196
1910-10,-0.501927,-0.6654057,-0.33844832
1910-11,-0.6695179,-0.909354,-0.42968178
1910-12,-0.6827474,-0.95005685,-0.41543797
1911-01,-0.56321645,-0.77266735,-0.35376555
1911-02,-0.77346927,-1.0026413,-0.5442972
1911-03,-0.71383524,-0.9538802,-0.47379023
1911-04,-0.7338268,-0.9298002,-0.5378535
1911-05,-0.6224296,-0.79314923,-0.45171
1911-06,-0.57423836,-0.7573162,-0.3911605
1911-07,-0.52940637,-0.7034005,-0.35541227
1911-08,-0.5134219,-0.70700914,-0.3198347
1911-09,-0.51470536,-0.6912558,-0.33815485
1911-10,-0.46527234,-0.6151872,-0.31535745
1911-11,-0.39145246,-0.6307961,-0.15210885
1911-12,-0.30690625,-0.5586228,-0.055189718
1912-01,-0.36118048,-0.57927495,-0.14308603
1912-02,-0.31154057,-0.5563679,-0.06671326
1912-03,-0.39215007,-0.6478472,-0.136453
1912-04,-0.38028336,-0.59083235,-0.16973436
1912-05,-0.3905513,-0.55539864,-0.22570398
1912-06,-0.32873023,-0.51138026,-0.14608018
1912-07,-0.48113692,-0.6475315,-0.31474236
1912-08,-0.571087,-0.76736075,-0.37481332
1912-09,-0.56977785,-0.7304279,-0.40912774
1912-10,-0.6486442,-0.80358326,-0.49370512
1912-11,-0.54183406,-0.79230183,-0.2913663
1912-12,-0.48723862,-0.7639209,-0.21055631
1913-01,-0.47170147,-0.66614413,-0.27725887
1913-02,-0.5114668,-0.7404859,-0.28244773
1913-03,-0.57403386,-0.7980991,-0.3499687
1913-04,-0.44465128,-0.6473237,-0.24197881
1913-05,-0.5258809,-0.6940162,-0.3577456
1913-06,-0.5413592,-0.7230385,-0.3596799
1913-07,-0.45505992,-0.6227328,-0.287387
1913-08,-0.4029912,-0.59457195,-0.21141043
1913-09,-0.42507148,-0.587054,-0.2630889
1913-10,-0.43731278,-0.5866329,-0.2879927
1913-11,-0.2907831,-0.53045857,-0.051107623
1913-12,-0.20763798,-0.47076115,0.055485167
1914-01,-0.10006451,-0.31148523,0.11135621
1914-02,-0.2299528,-0.46231598,0.002410405
1914-03,-0.33108214,-0.5702285,-0.09193578
1914-04,-0.40567923,-0.6017174,-0.20964108
1914-05,-0.32134223,-0.4877607,-0.15492377
1914-06,-0.30878705,-0.4875139,-0.13006021
1914-07,-0.34800017,-0.518852,-0.17714833
1914-08,-0.2588818,-0.4571769,-0.060586736
1914-09,-0.32942232,-0.51542044,-0.14342417
1914-10,-0.12928487,-0.2825816,0.024011845
1914-11,-0.1670525,-0.41101867,0.07691364
1914-12,-0.29047436,-0.55229074,-0.028658014
1915-01,-0.19497406,-0.41990274,0.029954601
1915-02,-0.12565127,-0.37541893,0.124116376
1915-03,-0.19877627,-0.43887073,0.041318182
1915-04,-0.073371656,-0.28612083,0.1393775
1915-05,-0.18317662,-0.36139023,-0.0049630045
1915-06,-0.20609476,-0.39928365,-0.012905872
1915-07,-0.16480845,-0.35125464,0.021637732
1915-08,-0.1182148,-0.3279361,0.09150651
1915-09,-0.15421917,-0.33326188,0.024823543
1915-10,-0.29502782,-0.44104648,-0.1490092
1915-11,-0.16384955,-0.40630466,0.07860556
1915-12,-0.3001245,-0.5540109,-0.04623803
1916-01,-0.2728653,-0.49819383,-0.047536753
1916-02,-0.2056434,-0.45987144,0.048584644
1916-03,-0.42657802,-0.6758731,-0.17728294
1916-04,-0.3707329,-0.5816933,-0.15977253
1916-05,-0.365893,-0.5441933,-0.18759269
1916-06,-0.4939098,-0.6906562,-0.29716346
1916-07,-0.3549876,-0.5518487,-0.15812646
1916-08,-0.3795171,-0.5817952,-0.17723903
1916-09,-0.36567932,-0.5401796,-0.19117907
1916-10,-0.424526,-0.573757,-0.27529505
1916-11,-0.5468227,-0.7729319,-0.3207136
1916-12,-0.6426656,-0.88599074,-0.39934054
1917-01,-0.66425997,-0.8857396,-0.4427804
1917-02,-0.77691394,-1.0477767,-0.5060512
1917-03,-0.86830264,-1.1202464,-0.6163588
1917-04,-0.52725405,-0.74662626,-0.3078818
1917-05,-0.6991893,-0.8856567,-0.5127219
1917-06,-0.4333571,-0.64355195,-0.2231622
1917-07,-0.2165541,-0.42091477,-0.012193423
1917-08,-0.27896896,-0.51227885,-0.045659076
1917-09,-0.15997621,-0.3488628,0.028910363
1917-10,-0.44190672,-0.6077486,-0.2760648
1917-11,-0.4288305,-0.6451552,-0.21250585
1917-12,-0.67944837,-0.93230134,-0.4265954
1918-01,-0.5485296,-0.76349086,-0.33356833
1918-02,-0.5561035,-0.8017397,-0.31046736
1918-03,-0.49849883,-0.7420465,-0.25495115
1918-04,-0.5276948,-0.7516071,-0.30378252
1918-05,-0.50309575,-0.70657635,-0.29961511
1918-06,-0.41621712,-0.62898576,-0.20344849
1918-07,-0.3925514,-0.59457785,-0.19052494
1918-08,-0.44040763,-0.6656468,-0.21516846
1918-09,-0.30043215,-0.49273214,-0.10813215
1918-10,-0.1438825,-0.3218682,0.034103196
1918-11,-0.09994736,-0.33411634,0.13422163
1918-12,-0.2458041,-0.5108151,0.019206874
1919-01,-0.13355385,-0.37828514,0.11117745
1919-02,-0.13445684,-0.39990383,0.13099013
1919-03,-0.37160465,-0.6222963,-0.12091301
1919-04,-0.14920184,-0.38572714,0.087323464
1919-05,-0.28759137,-0.47942433,-0.09575837
1919-06,-0.29849997,-0.505483,-0.09151698
1919-07,-0.379737,-0.5742525,-0.1852215
1919-08,-0.37559274,-0.6025254,-0.1486601
1919-09,-0.3017913,-0.4820535,-0.12152913
1919-10,-0.39724192,-0.5565767,-0.23790713
1919-11,-0.5857643,-0.82904446,-0.34248406
1919-12,-0.49726066,-0.7553888,-0.23913254
1920-01,-0.26515895,-0.48968947,-0.040628433
1920-02,-0.4031886,-0.65097916,-0.15539803
1920-03,-0.13679351,-0.37273636,0.09914934
1920-04,-0.3082826,-0.52501094,-0.09155427
1920-05,-0.25345275,-0.44420484,-0.06270063
1920-06,-0.20355587,-0.4089851,0.0018733977
1920-07,-0.30764797,-0.5076605,-0.10763545
1920-08,-0.25086668,-0.46980482,-0.031928536
1920-09,-0.13541213,-0.3098207,0.038996443
1920-10,-0.2011658,-0.3531874,-0.049144156
1920-11,-0.32505745,-0.5781939,-0.071920976
1920-12,-0.37700868,-0.6231055,-0.13091177
1921-01,-0.19696064,-0.40582052,0.011899228
1921-02,-0.20750915,-0.451372,0.036353685
1921-03,-0.2815151,-0.5139672,-0.04906298
1921-04,-0.25407377,-0.46833643,-0.039811105
1921-05,-0.2580732,-0.44243202,-0.07371439
1921-06,-0.1492889,-0.3497027,0.051124897
1921-07,-0.17106736,-0.3590918,0.016957086
1921-08,-0.27896133,-0.48798642,-0.06993624
1921-09,-0.16347092,-0.33672336,0.0097815
1921-10,-0.1543813,-0.3122644,0.0035018115
1921-11,-0.30972546,-0.5458424,-0.07360849
1921-12,-0.18177497,-0.4344829,0.07093297
1922-01,-0.4107384,-0.62451756,-0.19695929
1922-02,-0.29507175,-0.5172795,-0.07286397
1922-03,-0.27088368,-0.49578965,-0.045977727
1922-04,-0.23503713,-0.44300276,-0.027071506
1922-05,-0.4115404,-0.59793735,-0.22514343
1922-06,-0.3321316,-0.5206097,-0.1436535
1922-07,-0.26822594,-0.44983625,-0.08661566
1922-08,-0.35275492,-0.5523872,-0.15312271
1922-09,-0.29764223,-0.46623382,-0.12905063
1922-10,-0.35014278,-0.5016704,-0.19861515
1922-11,-0.29991564,-0.5321481,-0.06768317
1922-12,-0.31565887,-0.56808555,-0.06323219
1923-01,-0.24145052,-0.442687,-0.040214043
1923-02,-0.4373709,-0.6630496,-0.21169217
1923-03,-0.43181688,-0.65752584,-0.20610787
1923-04,-0.37222177,-0.57764924,-0.16679434
1923-05,-0.33667606,-0.5144245,-0.15892757
1923-06,-0.26355964,-0.4556329,-0.07148637
1923-07,-0.37522903,-0.54823786,-0.20222019
1923-08,-0.37980002,-0.5768503,-0.1827498
1923-09,-0.33121535,-0.5018392,-0.16059148
1923-10,-0.2532916,-0.3944668,-0.11211639
1923-11,-0.036574367,-0.2620488,0.18890007
1923-12,-0.030158054,-0.26421317,0.20389706
1924-01,-0.3430404,-0.5470278,-0.139053
1924-02,-0.24538454,-0.46112987,-0.02963922
1924-03,-0.30189836,-0.523089,-0.08070772
1924-04,-0.30498978,-0.50860274,-0.101376854
1924-05,-0.2504634,-0.42447624,-0.076450564
1924-06,-0.24224906,-0.4390832,-0.045414947
1924-07,-0.2836396,-0.45541918,-0.111860014
1924-08,-0.30162594,-0.50492686,-0.09832503
1924-09,-0.30118707,-0.47746047,-0.12491366
1924-10,-0.31995884,-0.46499935,-0.17491831
1924-11,-0.37179145,-0.59403485,-0.14954805
1924-12,-0.5479684,-0.78825766,-0.3076791
1925-01,-0.4336694,-0.6515999,-0.21573891
1925-02,-0.30277556,-0.52402794,-0.08152318
1925-03,-0.24437578,-0.46962675,-0.019124804
1925-04,-0.30301955,-0.5019128,-0.1041263
1925-05,-0.2192907,-0.39517164,-0.043409787
1925-06,-0.27857977,-0.4703551,-0.08680446
1925-07,-0.25050145,-0.4195311,-0.081471816
1925-08,-0.14114356,-0.3436652,0.0613781
1925-09,-0.21095385,-0.38409865,-0.037809044
1925-10,-0.32397717,-0.47342768,-0.17452663
1925-11,-0.086972624,-0.3009862,0.12704095
1925-12,-0.03851669,-0.28630242,0.20926905
1926-01,0.0816053,-0.12663335,0.28984395
1926-02,-0.03135266,-0.2527124,0.19000708
1926-03,-0.052796446,-0.27756912,0.17197622
1926-04,-0.18885276,-0.39342684,0.015721323
1926-05,-0.22760287,-0.4036635,-0.05154224
1926-06,-0.10995599,-0.30681276,0.08690078
1926-07,-0.25957194,-0.43591404,-0.08322983
1926-08,-0.11048553,-0.3151048,0.09413376
1926-09,-0.13122202,-0.3011465,0.038702454
1926-10,-0.08782074,-0.23998204,0.06434056
1926-11,-0.12433763,-0.34428295,0.09560771
1926-12,-0.25771725,-0.49939135,-0.016043128
1927-01,-0.27100492,-0.4801414,-0.061868418
1927-02,-0.1536878,-0.3701334,0.062757805
1927-03,-0.35648793,-0.57629037,-0.1366855
1927-04,-0.27081022,-0.46134636,-0.08027408
1927-05,-0.28411734,-0.4585951,-0.109639615
1927-06,-0.27355048,-0.4657398,-0.081361204
1927-07,-0.1790214,-0.34785706,-0.010185728
1927-08,-0.16499087,-0.36329687,0.03331512
1927-09,-0.14677747,-0.31790704,0.024352096
1927-10,-0.059401758,-0.21026327,0.09145975
1927-11,-0.18340835,-0.40652266,0.039705954
1927-12,-0.42927346,-0.6574224,-0.20112447
1928-01,-0.074365586,-0.26826042,0.11952923
1928-02,-0.1545479,-0.369783,0.0606872
1928-03,-0.3726547,-0.5966791,-0.14863028
1928-04,-0.26698354,-0.45939875,-0.07456832
1928-05,-0.29585508,-0.4687915,-0.122918636
1928-06,-0.36456588,-0.5571015,-0.17203026
1928-07,-0.19599354,-0.366484,-0.025503099
1928-08,-0.20595308,-0.40278482,-0.009121323
1928-09,-0.23851112,-0.40996766,-0.067054555
1928-10,-0.1724674,-0.3228535,-0.022081269
1928-11,-0.18494453,-0.40594447,0.03605544
1928-12,-0.2761755,-0.5034335,-0.04891743
1929-01,-0.5167895,-0.7155091,-0.31806985
1929-02,-0.68452543,-0.8930921,-0.4759588
1929-03,-0.44753328,-0.6710373,-0.22402926
1929-04,-0.42063078,-0.61079067,-0.23047088
1929-05,-0.40666774,-0.5753215,-0.238014
1929-06,-0.35697198,-0.5418437,-0.17210023
1929-07,-0.4007137,-0.5706004,-0.23082705
1929-08,-0.22417709,-0.42034602,-0.028008185
1929-09,-0.28858823,-0.4573806,-0.119795844
1929-10,-0.20313473,-0.35645264,-0.04981684
1929-11,-0.089399464,-0.30860662,0.1298077
1929-12,-0.4889621,-0.71822804,-0.2596962
1930-01,-0.36772057,-0.5641982,-0.17124295
1930-02,-0.31089267,-0.5170144,-0.10477091
1930-03,-0.19115022,-0.40284777,0.020547323
1930-04,-0.19414438,-0.37624884,-0.01203992
1930-05,-0.2190222,-0.37688884,-0.061155546
1930-06,-0.20164992,-0.38277686,-0.020522982
1930-07,-0.15284479,-0.32136697,0.015677396
1930-08,-0.07965475,-0.2704532,0.1111437
1930-09,-0.122635,-0.28324,0.037969984
1930-10,-0.08359246,-0.22446159,0.057276666
1930-11,0.05242194,-0.15686461,0.2617085
1930-12,-0.11084405,-0.33452922,0.11284111
1931-01,-0.032709133,-0.22040406,0.15498579
1931-02,-0.20076405,-0.3962299,-0.005298201
1931-03,-0.13020515,-0.33753523,0.07712493
1931-04,-0.18846847,-0.37190214,-0.00503483
1931-05,-0.15928547,-0.3181309,-0.0004400127
1931-06,-0.03134299,-0.21722919,0.1545432
1931-07,-0.026916059,-0.19311272,0.1392806
1931-08,-0.054667074,-0.25123426,0.14190012
1931-09,-0.059794202,-0.21059144,0.09100302
1931-10,-0.06432144,-0.19517553,0.06653264
1931-11,-0.16506939,-0.36904854,0.038909767
1931-12,-0.13819931,-0.3644363,0.08803765
1932-01,0.1190471,-0.06398862,0.3020828
1932-02,-0.2340667,-0.43436778,-0.03376562
1932-03,-0.26985464,-0.47621965,-0.06348962
1932-04,-0.0951939,-0.2787822,0.08839438
1932-05,-0.18418132,-0.3398109,-0.028551744
1932-06,-0.21884331,-0.39196384,-0.045722786
1932-07,-0.14098789,-0.30148533,0.01950956
1932-08,-0.21935627,-0.42151365,-0.017198874
1932-09,-0.04196527,-0.1990491,0.11511856
1932-10,-0.18152192,-0.3143088,-0.04873506
1932-11,-0.27382028,-0.4697343,-0.07790627
1932-12,-0.21033913,-0.45026284,0.029584575
1933-01,-0.3130786,-0.5121446,-0.11401257
1933-02,-0.35365278,-0.56072253,-0.14658304
1933-03,-0.37855384,-0.57500875,-0.18209891
1933-04,-0.24492462,-0.42099744,-0.06885179
1933-05,-0.26258746,-0.42428213,-0.10089278
1933-06,-0.27517462,-0.4594833,-0.09086596
1933-07,-0.22042291,-0.38884798,-0.051997855
1933-08,-0.1861555,-0.38234654,0.010035538
1933-09,-0.27593058,-0.43170226,-0.120158926
1933-10,-0.22552668,-0.35373724,-0.09731613
1933-11,-0.33779052,-0.5350275,-0.14055358
1933-12,-0.5601446,-0.77265763,-0.34763154
1934-01,-0.2225779,-0.4027546,-0.042401187
1934-02,-0.18329507,-0.3759335,0.0093433475
1934-03,-0.3967831,-0.5957621,-0.19780415
1934-04,-0.2842228,-0.46185067,-0.10659499
1934-05,-0.11003667,-0.2680418,0.047968455
1934-06,-0.07409405,-0.260646,0.11245787
1934-07,-0.09841158,-0.26296014,0.06613697
1934-08,-0.076562144,-0.2754623,0.12233803
1934-09,-0.12522162,-0.2830506,0.03260735
1934-10,-0.11199857,-0.24197723,0.017980082
1934-11,-0.0013172769,-0.1892733,0.18663874
1934-12,-0.16220203,-0.36809862,0.043694537
1935-01,-0.28103256,-0.4656231,-0.09644204
1935-02,0.09583247,-0.0979095,0.28957444
1935-03,-0.26202157,-0.45879224,-0.0652509
1935-04,-0.2818919,-0.4522836,-0.11150022
1935-05,-0.302017,-0.4593412,-0.1446928
1935-06,-0.21519828,-0.39778736,-0.032609187
1935-07,-0.17397647,-0.33367118,-0.014281756
1935-08,-0.18565622,-0.37253156,0.0012191221
1935-09,-0.16647977,-0.31797627,-0.01498325
1935-10,-0.085422084,-0.21407135,0.04322719
1935-11,-0.34555972,-0.5315805,-0.15953892
1935-12,-0.3110033,-0.51455307,-0.107453525
1936-01,-0.33527437,-0.52280056,-0.14774817
1936-02,-0.40000585,-0.5943448,-0.2056669
1936-03,-0.33928975,-0.53317285,-0.14540665
1936-04,-0.24457586,-0.40791744,-0.08123426
1936-05,-0.19784322,-0.35053363,-0.045152813
1936-06,-0.17800768,-0.35219607,-0.0038192987
1936-07,-0.055456072,-0.20981234,0.0989002
1936-08,-0.0728338,-0.25808218,0.11241458
1936-09,-0.12548219,-0.27305454,0.02209017
1936-10,-0.0099079255,-0.13888201,0.119066164
1936-11,-0.10501682,-0.28929085,0.079257205
1936-12,-0.041158136,-0.23574491,0.15342863
1937-01,-0.18338157,-0.37775812,0.010994967
1937-02,0.011305973,-0.19184864,0.21446058
1937-03,-0.3181369,-0.519488,-0.11678586
1937-04,-0.15507036,-0.32686743,0.01672671
1937-05,-0.10221171,-0.25642064,0.051997244
1937-06,-0.028080216,-0.21072,0.15455957
1937-07,0.016652394,-0.13355063,0.16685541
1937-08,0.06815535,-0.116248436,0.25255913
1937-09,0.08671086,-0.06468866,0.23811038
1937-10,0.09126775,-0.037045565,0.21958107
1937-11,-0.025300805,-0.19747065,0.14686905
1937-12,-0.14247696,-0.33922908,0.054275174
1938-01,-0.02914741,-0.22071676,0.16242193
1938-02,0.012347081,-0.18569992,0.21039408
1938-03,0.0151835475,-0.18727061,0.2176377
1938-04,0.029657004,-0.1359153,0.1952293
1938-05,-0.114746824,-0.2706105,0.041116875
1938-06,-0.10760574,-0.28510988,0.069898404
1938-07,-0.034764044,-0.18882883,0.119300745
1938-08,-0.014022453,-0.19609596,0.16805105
1938-09,0.016859675,-0.1349243,0.16864364
1938-10,0.117243305,-0.012799239,0.24728586
1938-11,-0.0075789397,-0.1909036,0.17574573
1938-12,-0.3276558,-0.5184543,-0.1368573
1939-01,-0.09309793,-0.28746042,0.101264544
1939-02,-0.065973535,-0.26750743,0.13556035
1939-03,-0.30755267,-0.51070976,-0.1043956
1939-04,-0.15233162,-0.31953117,0.014867922
1939-05,-0.046854276,-0.20357615,0.109867595
1939-06,0.037897043,-0.14168483,0.21747892
1939-07,-0.013320946,-0.18130055,0.15465866
1939-08,0.0020599784,-0.20003466,0.20415461
1939-09,-0.09531359,-0.2680557,0.07742852
1939-10,-0.29991588,-0.4610059,-0.13882586
1939-11,-0.14606114,-0.332584,0.040461715
1939-12,0.22569804,0.0020861116,0.44930997
1940-01,-0.26672417,-0.47545534,-0.05799303
1940-02,-0.05601762,-0.27157024,0.159535
1940-03,-0.10186507,-0.31463507,0.110904925
1940-04,0.007348719,-0.19592203,0.21061948
1940-05,0.015211891,-0.16584042,0.19626419
1940-06,0.025105149,-0.16908553,0.21929583
1940-07,0.091213524,-0.08062154,0.2630486
1940-08,0.035435814,-0.16909598,0.2399676
1940-09,0.059614804,-0.104840405,0.22407001
1940-10,-0.0052015116,-0.15189797,0.14149494
1940-11,-0.11740155,-0.31459823,0.079795144
1940-12,0.13993065,-0.07935956,0.3592209
1941-01,-0.1696067,-0.42021796,0.08100456
1941-02,-0.06483664,-0.31830382,0.18863054
1941-03,-0.20193033,-0.45726448,0.053403843
1941-04,-0.037545398,-0.28487706,0.20978628
1941-05,-0.083138585,-0.31565118,0.14937401
1941-06,0.083885536,-0.1672197,0.33499077
1941-07,0.07239171,-0.16437863,0.30916205
1941-08,-0.01312753,-0.27452084,0.24826579
1941-09,-0.16799621,-0.40128413,0.06529169
1941-10,0.17821999,-0.048435878,0.40487584
1941-11,0.00034688547,-0.24833144,0.24902523
1941-12,0.039704178,-0.21381386,0.29322222
1942-01,0.20014241,-0.055860255,0.45614508
1942-02,-0.095757194,-0.36336505,0.17185067
1942-03,-0.06981249,-0.35648075,0.21685578
1942-04,-0.048869725,-0.31159025,0.21385081
1942-05,0.010273242,-0.23977645,0.26032293
1942-06,0.06275979,-0.20194532,0.32746488
1942-07,-0.060954805,-0.30453852,0.18262891
1942-08,-0.04839671,-0.32084137,0.22404796
1942-09,0.0069078966,-0.23004405,0.24385984
1942-10,-0.073723145,-0.29779714,0.15035084
1942-11,-0.067636415,-0.3031483,0.16787548
1942-12,-0.03227942,-0.2779807,0.21342184
1943-01,-0.21172775,-0.47317514,0.04971964
1943-02,0.06711094,-0.19998553,0.33420742
1943-03,-0.18505168,-0.46381027,0.09370688
1943-04,0.028155463,-0.23496413,0.29127505
1943-05,0.0006498897,-0.24985689,0.25115666
1943-06,-0.07863982,-0.33168918,0.17440954
1943-07,0.03377321,-0.20839073,0.27593714
1943-08,0.042487465,-0.23013641,0.31511134
1943-09,-0.011539721,-0.24785164,0.22477219
1943-10,0.22909318,0.013417655,0.44476873
1943-11,0.0018611803,-0.21519418,0.21891655
1943-12,0.19245864,-0.06066036,0.44557765
1944-01,0.3003447,0.038793217,0.56189615
1944-02,0.1408997,-0.107177205,0.38897663
1944-03,0.150035,-0.10791044,0.4079804
1944-04,0.05492919,-0.19317906,0.30303743
1944-05,0.08229028,-0.15459266,0.31917322
1944-06,0.16153033,-0.09443713,0.4174978
1944-07,0.23510064,-0.00912649,0.47932777
1944-08,0.2556852,-0.026312383,0.5376828
1944-09,0.29132465,0.05537557,0.5272737
1944-10,0.2174008,0.005028648,0.42977297
1944-11,0.014130882,-0.20606478,0.23432654
1944-12,-0.029036447,-0.26140743,0.20333456
1945-01,-0.014512126,-0.26088768,0.23186342
1945-02,-0.08782404,-0.3441194,0.1684713
1945-03,-0.033083797,-0.29834598,0.23217839
1945-04,0.18689269,-0.06519523,0.43898064
1945-05,-0.10164227,-0.351754,0.14846946
1945-06,0.0013098017,-0.260893,0.2635126
1945-07,-0.070486404,-0.3298621,0.18888928
1945-08,0.35715166,0.068826966,0.64547634
1945-09,0.16898598,-0.058057792,0.39602977
1945-10,0.15445477,-0.06722803,0.37613755
1945-11,-0.0060707103,-0.22514023,0.2129988
1945-12,-0.21352988,-0.45025855,0.023198778
1946-01,0.06657797,-0.14734633,0.28050226
1946-02,-0.0069530127,-0.2355141,0.22160807
1946-03,-0.13176097,-0.37317133,0.10964939
1946-04,0.07763537,-0.1468222,0.30209294
1946-05,-0.15446484,-0.36019865,0.05126897
1946-06,-0.3148396,-0.5350897,-0.09458953
1946-07,-0.09908557,-0.31490406,0.11673294
1946-08,-0.18443261,-0.42007175,0.051206514
1946-09,-0.087742545,-0.28632495,0.11083986
1946-10,-0.09201341,-0.260636,0.07660917
1946-11,-0.15559943,-0.34401032,0.032811448
1946-12,-0.44708186,-0.65565103,-0.23851268
1947-01,-0.19624116,-0.40424684,0.011764526
1947-02,-0.26264703,-0.4603892,-0.06490484
1947-03,-0.13712682,-0.36221123,0.08795757
1947-04,0.030971184,-0.18582907,0.24777146
1947-05,-0.13609438,-0.35087538,0.078686625
1947-06,-0.049127296,-0.27496186,0.17670727
1947-07,-0.0814,-0.2876289,0.12482889
1947-08,-0.1159596,-0.3462177,0.11429849
1947-09,-0.14974134,-0.34941623,0.049933568
1947-10,-0.011344272,-0.19267511,0.16998658
1947-11,-0.027387505,-0.21198858,0.15721358
1947-12,-0.26994807,-0.47535124,-0.06454492
1948-01,0.035466217,-0.1631139,0.23404633
1948-02,-0.18824477,-0.4008648,0.024375234
1948-03,-0.23753594,-0.4653125,-0.00975937
1948-04,-0.11381383,-0.34540445,0.11777677
1948-05,0.04685924,-0.17101257,0.26473105
1948-06,0.0063096415,-0.21155229,0.22417158
1948-07,-0.15801223,-0.3648327,0.04880823
1948-08,-0.061024625,-0.29043868,0.16838944
1948-09,-0.13239673,-0.32260552,0.05781208
1948-10,-0.043378487,-0.20610902,0.11935205
1948-11,-0.13653632,-0.31843188,0.045359258
1948-12,-0.25524318,-0.44892773,-0.06155866
1949-01,0.10177458,-0.0746944,0.27824357
1949-02,-0.20130646,-0.38570026,-0.016912652
1949-03,-0.22984508,-0.41380656,-0.045883592
1949-04,-0.052606612,-0.23360294,0.12838972
1949-05,-0.10009613,-0.27797276,0.07778048
1949-06,-0.22694722,-0.42170015,-0.032194264
1949-07,-0.14424625,-0.32483563,0.03634312
1949-08,-0.08933564,-0.29541478,0.116743475
1949-09,-0.13418117,-0.29971057,0.031348255
1949-10,-0.07899638,-0.22016017,0.062167402
1949-11,-0.1484074,-0.30897665,0.012161871
1949-12,-0.24428006,-0.41496137,-0.07359874
1950-01,-0.3593719,-0.5241612,-0.19458255
1950-02,-0.30206186,-0.47734904,-0.12677467
1950-03,-0.22023322,-0.39498255,-0.045483902
1950-04,-0.21867904,-0.39320287,-0.04415523
1950-05,-0.12974544,-0.29466766,0.035176758
1950-06,-0.1108992,-0.30250815,0.080709726
1950-07,-0.07612116,-0.2506353,0.09839298
1950-08,-0.14229108,-0.3437908,0.059208628
1950-09,-0.1470028,-0.30620316,0.01219756
1950-10,-0.16298798,-0.2974034,-0.02857256
1950-11,-0.43805185,-0.59187174,-0.284232
1950-12,-0.30719975,-0.48960158,-0.12479794
1951-01,-0.3950333,-0.54646647,-0.24360017
1951-02,-0.5008859,-0.65842056,-0.34335124
1951-03,-0.32558435,-0.48057985,-0.17058887
1951-04,-0.12989798,-0.2956149,0.035818916
1951-05,-0.043902464,-0.21780162,0.1299967
1951-06,0.027947161,-0.14979574,0.20569007
1951-07,0.021649083,-0.1542051,0.19750327
1951-08,0.0994728,-0.10068853,0.29963413
1951-09,0.071558975,-0.07976227,0.22288023
1951-10,0.12054585,-0.008282848,0.24937455
1951-11,-0.066836916,-0.20742363,0.073749796
1951-12,0.1614612,-0.002898265,0.32582065
1952-01,0.15399261,0.0042280783,0.30375713
1952-02,0.09548182,-0.051677004,0.24264064
1952-03,-0.14797395,-0.3096107,0.013662772
1952-04,0.035631977,-0.12702848,0.19829243
1952-05,0.014704976,-0.15327173,0.18268168
1952-06,0.019877067,-0.16128339,0.20103753
1952-07,0.08786907,-0.081293255,0.2570314
1952-08,0.061527736,-0.14148358,0.26453906
1952-09,0.079936236,-0.07646161,0.23633409
1952-10,-0.009587842,-0.1391698,0.11999412
1952-11,-0.21702419,-0.35590208,-0.0781463
1952-12,-0.083147384,-0.24149455,0.07519978
1953-01,0.046365824,-0.10111056,0.1938422
1953-02,0.13099194,-0.017855637,0.27983952
1953-03,0.098803,-0.05984085,0.25744686
1953-04,0.16406313,-0.005144877,0.33327112
1953-05,0.13117424,-0.034143467,0.29649195
1953-06,0.14724737,-0.037023697,0.33151844
1953-07,0.041204114,-0.12853998,0.21094821
1953-08,0.075868845,-0.12619716,0.27793485
1953-09,0.065925054,-0.092563674,0.22441378
1953-10,0.062612884,-0.06718391,0.19240968
1953-11,-0.08063294,-0.22535962,0.06409374
1953-12,0.081238344,-0.07837644,0.24085313
1954-01,-0.2577264,-0.40377644,-0.11167633
1954-02,-0.10657576,-0.25984538,0.046693865
1954-03,-0.15598011,-0.31313053,0.0011703073
1954-04,-0.16462019,-0.33657977,0.0073394026
1954-05,-0.21180098,-0.3796899,-0.04391206
1954-06,-0.13290305,-0.31263942,0.046833303
1954-07,-0.203617,-0.37393883,-0.03329519
1954-08,-0.110878386,-0.30802512,0.08626834
1954-09,-0.09120128,-0.24601865,0.06361608
1954-10,-0.040289838,-0.17255175,0.091972075
1954-11,0.0080651995,-0.12954773,0.14567812
1954-12,-0.2499761,-0.40665317,-0.09329903
1955-01,0.11410362,-0.024285015,0.25249225
1955-02,-0.18913049,-0.3378747,-0.040386263
1955-03,-0.41427797,-0.56598985,-0.2625661
1955-04,-0.26238617,-0.42943716,-0.095335186
1955-05,-0.24232936,-0.40934283,-0.075315915
1955-06,-0.17159688,-0.3560443,0.012850524
1955-07,-0.21463214,-0.3839084,-0.045355882
1955-08,-0.077930756,-0.28099874,0.12513721
1955-09,-0.13224967,-0.28304595,0.01854662
1955-10,-0.18665199,-0.31326583,-0.060038153
1955-11,-0.3429495,-0.47885862,-0.20704043
1955-12,-0.36831996,-0.52541304,-0.2112269
1956-01,-0.26436892,-0.40308508,-0.12565275
1956-02,-0.3775277,-0.51932627,-0.23572914
1956-03,-0.35901558,-0.5057965,-0.2122347
1956-04,-0.35640323,-0.519731,-0.19307552
1956-05,-0.3080804,-0.46545488,-0.15070593
1956-06,-0.24178037,-0.4182601,-0.06530066
1956-07,-0.22911878,-0.39333984,-0.06489772
1956-08,-0.2865108,-0.48629558,-0.086726025
1956-09,-0.319684,-0.46672857,-0.17263944
1956-10,-0.26320782,-0.38373977,-0.1426759
1956-11,-0.30866933,-0.4437032,-0.17363545
1956-12,-0.24434087,-0.40994433,-0.0787374
1957-01,-0.20885421,-0.34602284,-0.07168559
1957-02,-0.17191014,-0.3071759,-0.036644354
1957-03,-0.23454286,-0.37726864,-0.09181709
1957-04,-0.09133903,-0.24332534,0.06064728
1957-05,0.032923628,-0.1193478,0.18519506
1957-06,0.06639241,-0.10195757,0.23474237
1957-07,-0.035025667,-0.18788692,0.11783559
1957-08,0.046775047,-0.14022274,0.23377284
1957-09,0.016076637,-0.12211139,0.15426466
1957-10,-0.049456473,-0.16531391,0.06640096
1957-11,0.014240556,-0.1170517,0.1455328
1957-12,0.111877106,-0.039049543,0.26280376
1958-01,0.2366086,0.10332948,0.3698877
1958-02,0.121932685,-0.009514533,0.2533799
1958-03,-0.029602695,-0.16861537,0.10940997
1958-04,-0.032712076,-0.17337635,0.10795219
1958-05,-0.004885088,-0.15552442,0.14575425
1958-06,-0.04378207,-0.20853324,0.12096911
1958-07,-0.00092288555,-0.15366043,0.15181465
1958-08,-0.036518633,-0.22275092,0.14971365
1958-09,-0.0888125,-0.22686863,0.049243625
1958-10,-0.031924188,-0.14811312,0.08426474
1958-11,-0.031557206,-0.16062899,0.097514585
1958-12,-0.02448367,-0.17143528,0.12246794
1959-01,0.04229511,-0.079405986,0.1639962
1959-02,-0.0058907606,-0.13348831,0.12170679
1959-03,0.028646067,-0.10397342,0.16126555
1959-04,0.0069519095,-0.13824835,0.15215218
1959-05,-0.040614706,-0.19450039,0.113270976
1959-06,0.019370507,-0.14936237,0.1881034
1959-07,-0.012352035,-0.16485499,0.14015092
1959-08,-0.020336704,-0.20130557,0.16063216
1959-09,-0.011155454,-0.14884165,0.12653074
1959-10,-0.0868741,-0.20182708,0.028078875
1959-11,-0.16742194,-0.2940689,-0.04077498
1959-12,-0.11828394,-0.26165974,0.025091842
1960-01,-0.08208184,-0.20630065,0.04213696
1960-02,0.045258813,-0.07531081,0.16582844
1960-03,-0.3710605,-0.49820045,-0.24392052
1960-04,-0.21647198,-0.3510617,-0.081882276
1960-05,-0.19439426,-0.33635882,-0.05242971
1960-06,-0.071705386,-0.24289538,0.09948461
1960-07,-0.07657586,-0.2210062,0.06785447
1960-08,-0.032653354,-0.21256453,0.14725782
1960-09,0.015007193,-0.11787915,0.14789355
1960-10,-0.074782215,-0.18498804,0.035423614
1960-11,-0.20239851,-0.33270591,-0.07209111
1960-12,0.09175647,-0.046915896,0.23042884
1961-01,-0.0025366994,-0.12634116,0.12126776
1961-02,0.12232416,0.009582237,0.23506609
1961-03,0.019125037,-0.105907775,0.14415784
1961-04,0.045264106,-0.08849207,0.17902029
1961-05,0.059769224,-0.08514795,0.20468639
1961-06,0.07117187,-0.08687835,0.22922209
1961-07,-0.027599415,-0.17063147,0.115432635
1961-08,-0.021913234,-0.19740945,0.15358298
1961-09,-0.06690556,-0.20088847,0.06707735
1961-10,-0.08847406,-0.19261906,0.01567093
1961-11,-0.07359764,-0.20038968,0.053194404
1961-12,-0.17505474,-0.31345648,-0.036653
1962-01,0.007739699,-0.10768837,0.12316777
1962-02,0.08097836,-0.027547656,0.18950437
1962-03,-0.030096963,-0.14474669,0.08455277
1962-04,-0.03659887,-0.1713457,0.09814795
1962-05,-0.105170004,-0.25157547,0.04123545
1962-06,-0.10281143,-0.26601204,0.060389183
1962-07,-0.049648862,-0.19208755,0.092789814
1962-08,-0.07027643,-0.24793106,0.10737819
1962-09,-0.061471097,-0.19181022,0.06886802
1962-10,-0.023155598,-0.13244621,0.08613502
1962-11,-0.05273098,-0.17265841,0.06719645
1962-12,-0.084040724,-0.22339016,0.05530871
1963-01,-0.11301454,-0.22648904,0.00045996744
1963-02,0.091096275,-0.01771979,0.19991234
1963-03,-0.22414285,-0.3454747,-0.102811016
1963-04,-0.12659338,-0.2569572,0.0037704462
1963-05,-0.08742982,-0.22888203,0.05402239
1963-06,-0.09527865,-0.25467172,0.06411443
1963-07,0.04432065,-0.10293803,0.19157934
1963-08,0.076446295,-0.10529621,0.2581888
1963-09,0.0698156,-0.06518394,0.20481513
1963-10,0.1726343,0.067738175,0.27753043
1963-11,0.09875899,-0.023816234,0.2213342
1963-12,-0.06654428,-0.20695604,0.073867485
1964-01,-0.11571718,-0.2250956,-0.0063387584
1964-02,-0.18602796,-0.2928024,-0.0792535
1964-03,-0.34046483,-0.45836407,-0.22256559
1964-04,-0.3085567,-0.43609622,-0.18101719
1964-05,-0.23959109,-0.37893862,-0.10024358
1964-06,-0.2102122,-0.36452702,-0.055897396
1964-07,-0.22327897,-0.3629843,-0.08357362
1964-08,-0.3124118,-0.48307836,-0.14174521
1964-09,-0.3299244,-0.45466846,-0.20518038
1964-10,-0.33687645,-0.44125572,-0.23249719
1964-11,-0.3632233,-0.48091432,-0.24553232
1964-12,-0.42742574,-0.5697434,-0.28510806
1965-01,-0.16802554,-0.27988112,-0.056169942
1965-02,-0.3109029,-0.4168702,-0.20493558
1965-03,-0.2852016,-0.40486193,-0.1655413
1965-04,-0.3190132,-0.4486758,-0.18935062
1965-05,-0.20897743,-0.3494112,-0.06854369
1965-06,-0.16914476,-0.32911503,-0.00917449
1965-07,-0.23613907,-0.3737001,-0.098578066
1965-08,-0.16856183,-0.34514967,0.008026005
1965-09,-0.12884636,-0.26116613,0.0034734046
1965-10,-0.090628415,-0.19840571,0.01714888
1965-11,-0.19048408,-0.31138414,-0.06958401
1965-12,-0.1229995,-0.26464176,0.018642759
1966-01,-0.16252044,-0.27400792,-0.051032968
1966-02,-0.1622727,-0.2640833,-0.060462117
1966-03,-0.13972601,-0.2587869,-0.020665124
1966-04,-0.15283078,-0.2829761,-0.022685457
1966-05,-0.19897266,-0.3283126,-0.069632694
1966-06,-0.028996008,-0.18760575,0.12961374
1966-07,-0.027581638,-0.16675247,0.1115892
1966-08,-0.066026114,-0.24298611,0.110933885
1966-09,-0.092580356,-0.22434318,0.039182466
1966-10,-0.1622534,-0.26502827,-0.05947852
1966-11,-0.13154382,-0.242723,-0.020364638
1966-12,-0.19712901,-0.33139846,-0.06285955
1967-01,-0.23850231,-0.34998938,-0.12701523
1967-02,-0.29020825,-0.3944461,-0.1859704
1967-03,-0.10458653,-0.22097874,0.011805688
1967-04,-0.124240264,-0.25066167,0.0021811323
1967-05,0.02378282,-0.1129871,0.16055274
1967-06,-0.13392532,-0.29189217,0.024041539
1967-07,-0.1249357,-0.26531595,0.015444554
1967-08,-0.1257545,-0.29786175,0.046352744
1967-09,-0.14984672,-0.2816577,-0.018035749
1967-10,0.001933503,-0.10432078,0.10818779
1967-11,-0.12676933,-0.23507969,-0.018458996
1967-12,-0.21379898,-0.34566572,-0.08193224
1968-01,-0.30830234,-0.4182095,-0.19839516
1968-02,-0.27629066,-0.3804459,-0.17213541
1968-03,-0.034075342,-0.14908457,0.080933884
1968-04,-0.23176871,-0.35894737,-0.10459005
1968-05,-0.28009164,-0.4144939,-0.14568938
1968-06,-0.17988797,-0.33163744,-0.028138498
1968-07,-0.17597796,-0.30824432,-0.043711603
1968-08,-0.1346876,-0.30543053,0.036055323
1968-09,-0.15435305,-0.28358224,-0.025123853
1968-10,-0.083758384,-0.1926645,0.025147723
1968-11,-0.12633698,-0.2383924,-0.014281562
1968-12,-0.16617654,-0.29957032,-0.032782782
1969-01,-0.23314768,-0.34403577,-0.122259595
1969-02,-0.2329214,-0.33318818,-0.13265464
1969-03,-0.066936895,-0.17881106,0.04493727
1969-04,0.036893018,-0.08515494,0.15894099
1969-05,0.066657245,-0.063841596,0.19715609
1969-06,-0.02582163,-0.18138944,0.12974617
1969-07,-0.028099248,-0.1520264,0.0958279
1969-08,-0.019165952,-0.19376075,0.15542884
1969-09,-0.049936324,-0.17297319,0.07310053
1969-10,-0.03373315,-0.14099097,0.07352467
1969-11,0.06064364,-0.050384816,0.17167209
1969-12,0.12016951,-0.018471317,0.25881034
1970-01,0.015277184,-0.09198426,0.12253862
1970-02,0.09666655,-0.0050396645,0.19837277
1970-03,-0.1238048,-0.23027006,-0.017339535
1970-04,-0.011504559,-0.13345431,0.11044519
1970-05,-0.08373111,-0.20733091,0.039868698
1970-06,-0.082167186,-0.235656,0.071321614
1970-07,-0.09845662,-0.22945344,0.032540195
1970-08,-0.14026636,-0.31288868,0.032355964
1970-09,-0.09303867,-0.21850073,0.032423384
1970-10,-0.1322529,-0.2346916,-0.029814206
1970-11,-0.10301225,-0.20863633,0.0026118264
1970-12,-0.22213049,-0.35471728,-0.089543685
1971-01,-0.15805782,-0.26053166,-0.055583987
1971-02,-0.34486046,-0.4444591,-0.24526183
1971-03,-0.34757736,-0.45624998,-0.23890474
1971-04,-0.27388015,-0.3900147,-0.15774557
1971-05,-0.24506338,-0.3762347,-0.113892026
1971-06,-0.2763428,-0.42479062,-0.12789495
1971-07,-0.16682,-0.29037791,-0.043262113
1971-08,-0.20840602,-0.37689725,-0.039914783
1971-09,-0.15417248,-0.27968863,-0.028656313
1971-10,-0.19511962,-0.29126304,-0.09897617
1971-11,-0.1273054,-0.23688747,-0.017723328
1971-12,-0.2410674,-0.3730563,-0.10907848
1972-01,-0.40929437,-0.5214459,-0.29714286
1972-02,-0.31441,-0.41568285,-0.21313716
1972-03,-0.15934505,-0.26676565,-0.051924426
1972-04,-0.09449329,-0.21065283,0.02166625
1972-05,-0.07693663,-0.20132962,0.04745634
1972-06,-0.023613555,-0.17118742,0.1239603
1972-07,-0.03184153,-0.16070361,0.097020544
1972-08,-0.008353916,-0.178159,0.16145116
1972-09,-0.06286478,-0.18180786,0.056078315
1972-10,-0.010859633,-0.10676703,0.08504777
1972-11,-0.004688477,-0.11691624,0.10753928
1972-12,0.17467742,0.035936788,0.31341803
1973-01,0.14717753,0.035669155,0.25868592
1973-02,0.25486094,0.15458934,0.35513252
1973-03,0.22325255,0.112749405,0.3337557
1973-04,0.15263414,0.031618584,0.27364972
1973-05,0.08092359,-0.042586923,0.2044341
1973-06,0.108632274,-0.028892538,0.2461571
1973-07,0.03293137,-0.08942566,0.1552884
1973-08,0.008025307,-0.14977649,0.1658271
1973-09,-0.041112125,-0.16759218,0.08536793
1973-10,-0.046695605,-0.14470077,0.051309556
1973-11,-0.08901061,-0.19974996,0.021728743
1973-12,-0.10439633,-0.23980367,0.031011015
1974-01,-0.35940236,-0.46503896,-0.25376573
1974-02,-0.41177696,-0.5147081,-0.30884582
1974-03,-0.21994242,-0.33227718,-0.10760765
1974-04,-0.1769093,-0.29779336,-0.056025237
1974-05,-0.1814554,-0.31074545,-0.052165337
1974-06,-0.14615193,-0.30183265,0.009528807
1974-07,-0.11802774,-0.24704392,0.010988438
1974-08,-0.05224232,-0.21791723,0.113432586
1974-09,-0.12694341,-0.25479215,0.0009053424
1974-10,-0.19706592,-0.29970175,-0.09443009
1974-11,-0.2080009,-0.31837034,-0.09763146
1974-12,-0.22804134,-0.36244786,-0.09363484
1975-01,-0.04427743,-0.15389147,0.06533662
1975-02,-0.0715453,-0.17515689,0.03206629
1975-03,-0.058529414,-0.1735549,0.056496065
1975-04,-0.05148149,-0.17103358,0.0680706
1975-05,-0.05259335,-0.17801864,0.07283194
1975-06,-0.068103544,-0.22101994,0.08481286
1975-07,-0.082418814,-0.21190849,0.04707086
1975-08,-0.15146562,-0.31561825,0.01268698
1975-09,-0.09342472,-0.21745773,0.030608289
1975-10,-0.21412656,-0.31656662,-0.11168648
1975-11,-0.29201415,-0.4034316,-0.18059671
1975-12,-0.28550565,-0.41591445,-0.15509683
1976-01,-0.2010875,-0.3068923,-0.09528272
1976-02,-0.28382975,-0.38381857,-0.18384096
1976-03,-0.40134707,-0.5128316,-0.2898625
1976-04,-0.16178314,-0.28456837,-0.038997903
1976-05,-0.28576115,-0.4138393,-0.157683
1976-06,-0.22139642,-0.37453148,-0.06826136
1976-07,-0.15112992,-0.28121132,-0.021048507
1976-08,-0.17843373,-0.34548625,-0.011381212
1976-09,-0.1276085,-0.25474942,-0.000467574
1976-10,-0.29721257,-0.3997318,-0.19469333
1976-11,-0.13347125,-0.24229167,-0.024650833
1976-12,-0.048828218,-0.17091884,0.0732624
1977-01,-0.023771223,-0.13254356,0.085001126
1977-02,0.117145784,0.01331376,0.22097781
1977-03,0.14922597,0.037862442,0.26058948
1977-04,0.16204678,0.03945419,0.28463936
1977-05,0.12665999,0.0025284765,0.2507915
1977-06,0.16821629,0.020088518,0.31634405
1977-07,0.09833205,-0.033201054,0.22986515
1977-08,0.046913844,-0.11794458,0.21177228
1977-09,0.08952779,-0.037474122,0.21652971
1977-10,0.069101386,-0.029876258,0.16807903
1977-11,0.19261196,0.080102414,0.30512154
1977-12,-0.008225706,-0.1359906,0.11953919
1978-01,0.07307941,-0.035495583,0.1816544
1978-02,0.021808533,-0.081926934,0.125544
1978-03,0.09778047,-0.0099777505,0.20553869
1978-04,-0.015548347,-0.13158372,0.10048703
1978-05,-0.00055197836,-0.12751614,0.12641218
1978-06,-0.072873734,-0.22690623,0.081158765
1978-07,-0.009720795,-0.14136674,0.12192514
1978-08,-0.11956798,-0.28939682,0.050260875
1978-09,0.016933288,-0.11057047,0.14443704
1978-10,-0.056027032,-0.15406674,0.042012684
1978-11,0.10596062,-0.0031919156,0.21511316
1978-12,-0.027567979,-0.16861968,0.11348372
1979-01,0.0375035,-0.065600686,0.14060768
1979-02,-0.07799226,-0.17902574,0.023041215
1979-03,0.077069014,-0.032276437,0.18641447
1979-04,0.01305582,-0.088451825,0.114563465
1979-05,0.031755976,-0.07149052,0.13500248
1979-06,0.108343266,-0.021701243,0.23838776
1979-07,0.11240192,0.002427051,0.22237678
1979-08,0.13891335,-0.01399635,0.29182303
1979-09,0.14328997,0.020751622,0.26582834
1979-10,0.18923964,0.10102824,0.277451
1979-11,0.18910576,0.080480024,0.2977315
1979-12,0.4015465,0.27311727,0.5299757
1980-01,0.19958934,0.09756351,0.30161518
1980-02,0.27344584,0.17249966,0.37439203
1980-03,0.12864679,0.020153517,0.23714006
1980-04,0.2034417,0.09945206,0.30743134
1980-05,0.19710398,0.07967952,0.31452844
1980-06,0.13534077,-0.0054152603,0.2760968
1980-07,0.11981842,-0.0015569835,0.24119382
1980-08,0.099154815,-0.061989665,0.2602993
1980-09,0.091741845,-0.03337787,0.21686156
1980-10,0.06794622,-0.027032472,0.16292492
1980-11,0.17833716,0.06478978,0.29188454
1980-12,0.1330993,0.0019841495,0.26421446
1981-01,0.3907634,0.28706357,0.49446326
1981-02,0.26652926,0.16468361,0.3683749
1981-03,0.2698609,0.1648966,0.3748252
1981-04,0.20891827,0.10129713,0.3165394
1981-05,0.12808481,0.006270148,0.24989948
1981-06,0.17903647,0.033218075,0.32485488
1981-07,0.15297705,0.02482413,0.28113
1981-08,0.18326487,0.017332634,0.3491971
1981-09,0.11999961,-0.0014464594,0.24144568
1981-10,0.07326259,-0.023351893,0.16987707
1981-11,0.13568543,0.014667033,0.25670382
1981-12,0.32433283,0.18527693,0.46338874
1982-01,0.015560676,-0.10042251,0.13154386
1982-02,0.06810707,-0.040049925,0.17626406
1982-03,-0.07705871,-0.19914068,0.04502327
1982-04,0.091984525,-0.01927721,0.20324627
1982-05,0.0998589,-0.02531289,0.22503069
1982-06,0.0201727,-0.13094674,0.17129214
1982-07,0.04148912,-0.0899609,0.17293914
1982-08,0.047722913,-0.114745855,0.21019168
1982-09,0.12038097,-0.005817637,0.24657957
1982-10,0.059464954,-0.04300266,0.16193257
1982-11,0.04815693,-0.07257589,0.16888975
1982-12,0.2918398,0.15585355,0.42782608
1983-01,0.47413993,0.35953924,0.58874065
1983-02,0.377303,0.2663308,0.4882752
1983-03,0.27393037,0.15622725,0.3916335
1983-04,0.17553788,0.06794202,0.28313375
1983-05,0.1884196,0.06838497,0.30845422
1983-06,0.17992331,0.032103505,0.32774314
1983-07,0.20452307,0.0772223,0.33182386
1983-08,0.249283,0.078659706,0.41990632
1983-09,0.24090432,0.1176433,0.36416534
1983-10,0.15102722,0.05347583,0.24857861
1983-11,0.30060622,0.1796155,0.42159694
1983-12,0.1352587,-0.0014690391,0.27198645
1984-01,0.1683969,0.0527927,0.2840011
1984-02,0.06298716,-0.047414623,0.17338894
1984-03,0.09879487,-0.02314147,0.2207312
1984-04,0.010220408,-0.10666155,0.12710236
1984-05,0.142893,0.018340003,0.26744598
1984-06,0.030641118,-0.123670384,0.18495262
1984-07,0.008199414,-0.11979792,0.13619675
1984-08,0.08700308,-0.07648379,0.25048995
1984-09,0.07997675,-0.044828042,0.20478155
1984-10,0.024495305,-0.07337832,0.12236893
1984-11,-0.06198603,-0.18121335,0.05724129
1984-12,-0.22681369,-0.35847437,-0.095153004
1985-01,0.062202763,-0.045342732,0.16974826
1985-02,-0.0697114,-0.17819402,0.038771212
1985-03,0.026079005,-0.09217933,0.14433734
1985-04,0.01686243,-0.0932451,0.12696995
1985-05,0.07258573,-0.041085295,0.18625675
1985-06,-0.0039817668,-0.14367905,0.13571551
1985-07,-0.0002753362,-0.11419432,0.113643646
1985-08,0.07500909,-0.0828742,0.2328924
1985-09,0.028865008,-0.09167358,0.1494036
1985-10,0.05525558,-0.042402387,0.15291356
1985-11,-0.0028241272,-0.12302738,0.11737912
1985-12,0.068047024,-0.07586977,0.21196382
1986-01,0.17948894,0.06978673,0.28919116
1986-02,0.16616373,0.06369085,0.2686366
1986-03,0.11698585,0.000639264,0.23333244
1986-04,0.13516763,0.032107703,0.23822756
1986-05,0.10824184,-0.005977621,0.2224613
1986-06,0.10990267,-0.028694399,0.24849975
1986-07,0.046721194,-0.07097991,0.1644223
1986-08,0.058556654,-0.096064456,0.21317776
1986-09,0.070650384,-0.050852858,0.19215362
1986-10,0.11741667,0.021306818,0.21352653
1986-11,0.051594235,-0.06981976,0.17300823
1986-12,0.05741918,-0.08334866,0.19818702
1987-01,0.17728493,0.06525814,0.28931174
1987-02,0.36556688,0.25589556,0.4752382
1987-03,0.08476821,-0.028212624,0.19774905
1987-04,0.1664183,0.058387697,0.2744489
1987-05,0.20200288,0.081357606,0.32264817
1987-06,0.19426246,0.047696166,0.34082875
1987-07,0.32884386,0.21430005,0.44338766
1987-08,0.29455975,0.12827717,0.4608423
1987-09,0.3324415,0.21310073,0.45178232
1987-10,0.259414,0.16753742,0.35129055
1987-11,0.244866,0.123838656,0.36589333
1987-12,0.38582736,0.24331267,0.52834207
1988-01,0.46013954,0.34941167,0.5708674
1988-02,0.30456603,0.19742632,0.41170576
1988-03,0.33703005,0.22251461,0.45154545
1988-04,0.29898158,0.19171944,0.40624374
1988-05,0.27392623,0.1555709,0.39228156
1988-06,0.29985106,0.15504988,0.44465226
1988-07,0.23483783,0.12038361,0.34929204
1988-08,0.23189162,0.070046954,0.3937363
1988-09,0.25786266,0.13866441,0.37706092
1988-10,0.20895834,0.11109207,0.30682462
1988-11,0.10444645,-0.0193425,0.22823541
1988-12,0.21447203,0.06736662,0.36157742
1989-01,0.07803748,-0.03053468,0.18660964
1989-02,0.21895441,0.109266534,0.32864228
1989-03,0.20496574,0.089875475,0.320056
1989-04,0.16001117,0.050462414,0.26955992
1989-05,0.14181729,0.021366203,0.26226836
1989-06,0.15047102,-8.398011e-05,0.30102602
1989-07,0.22431885,0.101762414,0.34687528
1989-08,0.24372777,0.07737999,0.41007558
1989-09,0.20676328,0.0816138,0.33191276
1989-10,0.2226981,0.12535554,0.32004067
1989-11,0.13311419,0.0127616795,0.2534667
1989-12,0.2736284,0.13274455,0.41451225
1990-01,0.2765979,0.16680847,0.3863873
1990-02,0.36356702,0.25459522,0.47253883
1990-03,0.6413033,0.52442133,0.7581853
1990-04,0.44053328,0.33307004,0.5479965
1990-05,0.34774727,0.23906228,0.45643222
1990-06,0.33367208,0.1866947,0.48064947
1990-07,0.29973042,0.1772774,0.42218345
1990-08,0.30530015,0.14358434,0.46701595
1990-09,0.24518032,0.12333998,0.36702067
1990-10,0.39964804,0.29874763,0.5005485
1990-11,0.37473166,0.25862214,0.49084115
1990-12,0.30861664,0.17103066,0.44620264
1991-01,0.364507,0.25296524,0.47604877
1991-02,0.37398544,0.25676668,0.49120417
1991-03,0.26314443,0.14172667,0.3845622
1991-04,0.44512996,0.32410073,0.5661591
1991-05,0.36888784,0.2511927,0.486583
1991-06,0.37421158,0.22854352,0.51987964
1991-07,0.37346867,0.2550418,0.49189553
1991-08,0.3179574,0.15744212,0.47847268
1991-09,0.2850339,0.16537331,0.40469453
1991-10,0.2533,0.15097217,0.35562783
1991-11,0.22490971,0.1070703,0.34274915
1991-12,0.18338743,0.0401758,0.32659906
1992-01,0.422664,0.30519962,0.54012835
1992-02,0.37822217,0.26010153,0.49634284
1992-03,0.31959686,0.19651654,0.44267717
1992-04,0.1906444,0.07514048,0.3061483
1992-05,0.21909057,0.095439054,0.3427421
1992-06,0.18131338,0.035253722,0.32737303
1992-07,0.02654519,-0.09875362,0.151844
1992-08,0.05493334,-0.1141382,0.22400488
1992-09,-0.0220077,-0.15025096,0.10623556
1992-10,-0.010728646,-0.10912091,0.08766362
1992-11,-0.034731258,-0.15881252,0.08935001
1992-12,0.13485827,-0.010934445,0.28065097
1993-01,0.36684355,0.24894474,0.48474234
1993-02,0.32539025,0.20867826,0.44210225
1993-03,0.3034016,0.1816908,0.4251124
1993-04,0.19887434,0.081526905,0.31622177
1993-05,0.25330526,0.12625816,0.38035235
1993-06,0.25436455,0.109423995,0.3993051
1993-07,0.18676916,0.062127765,0.31141055
1993-08,0.15647261,-0.0038346671,0.31677988
1993-09,0.12836288,0.0018165512,0.25490922
1993-10,0.16485615,0.06493845,0.26477385
1993-11,0.040262215,-0.08855557,0.16907999
1993-12,0.19397473,0.047024276,0.3409252
1994-01,0.25649008,0.13918495,0.37379518
1994-02,0.02056272,-0.09617342,0.13729887
1994-03,0.2996008,0.17198403,0.42721757
1994-04,0.27370316,0.14946239,0.39794394
1994-05,0.3226923,0.20254132,0.4428433
1994-06,0.30362704,0.15916647,0.4480876
1994-07,0.21820588,0.09404632,0.34236544
1994-08,0.24790621,0.08613008,0.40968233
1994-09,0.25577033,0.13165785,0.3798828
1994-10,0.36538973,0.26650226,0.4642772
1994-11,0.36675063,0.2429118,0.49058944
1994-12,0.30246818,0.15945989,0.4454765
1995-01,0.49852088,0.38769206,0.6093497
1995-02,0.68257546,0.5668655,0.7982855
1995-03,0.40229243,0.28043836,0.5241465
1995-04,0.36325017,0.2508212,0.47567913
1995-05,0.29714498,0.17816839,0.41612154
1995-06,0.38909674,0.24632087,0.53187263
1995-07,0.3994271,0.27944103,0.5194131
1995-08,0.4276781,0.2678283,0.58752793
1995-09,0.32400066,0.20593666,0.44206467
1995-10,0.3972582,0.30155444,0.49296194
1995-11,0.38056722,0.2534769,0.5076576
1995-12,0.19923945,0.050251182,0.3482277
1996-01,0.17978151,0.06381745,0.29574558
1996-02,0.39508933,0.28205827,0.50812036
1996-03,0.2626249,0.13954784,0.38570192
1996-04,0.18827282,0.07880484,0.29774082
1996-05,0.3015515,0.18248679,0.4206162
1996-06,0.23975489,0.10499537,0.3745144
1996-07,0.27293843,0.15644579,0.38943106
1996-08,0.2539489,0.09132519,0.41657257
1996-09,0.17310894,0.05109101,0.29512686
1996-10,0.18167749,0.08834202,0.27501297
1996-11,0.203067,0.07399045,0.33214355
1996-12,0.28373748,0.12904052,0.43843442
1997-01,0.27235925,0.1610509,0.38366762
1997-02,0.37357357,0.2606442,0.48650295
1997-03,0.40755373,0.28823838,0.5268691
1997-04,0.3317546,0.21777456,0.44573465
1997-05,0.3357221,0.22160046,0.44984373
1997-06,0.47839665,0.34225473,0.61453855
1997-07,0.44674808,0.33269808,0.56079805
1997-08,0.49402523,0.3392477,0.64880276
1997-09,0.55177355,0.43655697,0.6669901
1997-10,0.61452633,0.5149151,0.7141375
1997-11,0.5631225,0.43324178,0.69300324
1997-12,0.56709445,0.41326758,0.72092134
1998-01,0.5677233,0.44779494,0.68765163
1998-02,0.83971804,0.723268,0.9561681
1998-03,0.6208532,0.497887,0.74381936
1998-04,0.7307291,0.61773103,0.8437271
1998-05,0.64136785,0.52881545,0.75392026
1998-06,0.6510323,0.5082851,0.7937795
1998-07,0.7258753,0.60349286,0.84825784
1998-08,0.6584346,0.50032115,0.81654805
1998-09,0.44300306,0.32245326,0.56355286
1998-10,0.44838652,0.3483677,0.54840535
1998-11,0.34483513,0.21111225,0.47855803
1998-12,0.5178956,0.36224234,0.6735488
1999-01,0.39547753,0.27900344,0.5119516
1999-02,0.6411911,0.52766687,0.7547154
1999-03,0.28692228,0.1662588,0.40758577
1999-04,0.38013425,0.26548976,0.49477878
1999-05,0.30556148,0.18813774,0.42298523
1999-06,0.32132694,0.1782537,0.4644002
1999-07,0.33375847,0.21483418,0.45268276
1999-08,0.27914402,0.12029018,0.43799785
1999-09,0.3330492,0.21147321,0.4546252
1999-10,0.29581362,0.2000283,0.39159894
1999-11,0.2710602,0.13336861,0.4087518
1999-12,0.4109531,0.26055747,0.5613488
2000-01,0.2610235,0.14302666,0.37902033
2000-02,0.4876858,0.37258902,0.60278255
2000-03,0.429935,0.3065801,0.55328995
2000-04,0.5237102,0.4100988,0.63732165
2000-05,0.30734313,0.18524227,0.42944402
2000-06,0.31795105,0.17380583,0.4620963
2000-07,0.30161774,0.17778578,0.42544973
2000-08,0.3862338,0.23427735,0.53819025
2000-09,0.34708408,0.22548008,0.4686881
2000-10,0.2663367,0.16486958,0.3678038
2000-11,0.19979715,0.072594434,0.32699987
2000-12,0.1829062,0.042880636,0.32293174
2001-01,0.39866772,0.27929273,0.5180427
2001-02,0.37179396,0.25698456,0.48660332
2001-03,0.5517737,0.4315058,0.67204165
2001-04,0.5018833,0.38637847,0.6173881
2001-05,0.46000507,0.34192327,0.57808685
2001-06,0.47262752,0.32571247,0.61954254
2001-07,0.50033176,0.37276378,0.62789977
2001-08,0.5384928,0.3745427,0.7024429
2001-09,0.46600008,0.3440591,0.58794105
2001-10,0.4466575,0.35217217,0.5411428
2001-11,0.6355203,0.50198305,0.7690575
2001-12,0.40544668,0.25365394,0.55723935
2002-01,0.6933891,0.5746144,0.8121638
2002-02,0.74752533,0.63288116,0.8621695
2002-03,0.746354,0.6273231,0.86538494
2002-04,0.5061772,0.3930663,0.61928815
2002-05,0.4770261,0.3544811,0.5995711
2002-06,0.5102134,0.36662808,0.65379864
2002-07,0.5403699,0.42255005,0.65818983
2002-08,0.4995809,0.34290618,0.6562556
2002-09,0.46668208,0.34614322,0.5872209
2002-10,0.44080234,0.3474956,0.5341091
2002-11,0.49363863,0.35399774,0.6332795
2002-12,0.37578365,0.22283873,0.52872854
2003-01,0.6433034,0.52704704,0.7595597
2003-02,0.50649005,0.3903767,0.6226034
2003-03,0.4884351,0.36779594,0.6090742
2003-04,0.48239744,0.3674957,0.59729916
2003-05,0.52283114,0.40530652,0.6403558
2003-06,0.49094188,0.34716916,0.6347146
2003-07,0.5259215,0.40439856,0.6474444
2003-08,0.59183985,0.42846647,0.75521326
2003-09,0.5856531,0.46392232,0.7073839
2003-10,0.6677768,0.5703654,0.7651882
2003-11,0.5028561,0.3725195,0.6331926
2003-12,0.6222577,0.46151128,0.78300416
2004-01,0.5467815,0.42939657,0.6641664
2004-02,0.668764,0.5530415,0.78448653
2004-03,0.5876309,0.46711984,0.708142
2004-04,0.5457978,0.43720078,0.65439487
2004-05,0.3614115,0.24775237,0.47507066
2004-06,0.3692307,0.23016001,0.5083014
2004-07,0.4050894,0.29088503,0.5192938
2004-08,0.45500147,0.29639977,0.6136032
2004-09,0.5082276,0.3902301,0.6262251
2004-10,0.52944165,0.43174684,0.6271365
2004-11,0.6514519,0.5190449,0.78385895
2004-12,0.40007275,0.24203676,0.55810875
2005-01,0.6042225,0.48773855,0.72070634
2005-02,0.43515083,0.3186252,0.55167645
2005-03,0.60163426,0.47920436,0.7240642
2005-04,0.6442307,0.53416246,0.754299
2005-05,0.5549949,0.43964827,0.6703415
2005-06,0.5905459,0.4468846,0.7342072
2005-07,0.5775393,0.45854607,0.6965326
2005-08,0.5720802,0.41335025,0.73081017
2005-09,0.6110464,0.4917501,0.7303427
2005-10,0.6550166,0.55715525,0.75287795
2005-11,0.6607875,0.52558094,0.79599416
2005-12,0.49825665,0.34613216,0.65038115
2006-01,0.41156816,0.29009455,0.5330418
2006-02,0.60795236,0.49488273,0.721022
2006-03,0.5103384,0.38719726,0.6334796
2006-04,0.45017678,0.34231922,0.5580343
2006-05,0.43170634,0.3193548,0.54405785
2006-06,0.56812775,0.42542392,0.7108316
2006-07,0.53407335,0.42095426,0.6471924
2006-08,0.5743644,0.41782683,0.730902
2006-09,0.5434212,0.4210032,0.6658392
2006-10,0.5986361,0.50313944,0.69413275
2006-11,0.5671721,0.43068916,0.703655
2006-12,0.72174484,0.5638441,0.8796456
2007-01,0.8741105,0.7630102,0.98521084
2007-02,0.60926586,0.49508327,0.7234484
2007-03,0.5622558,0.4442947,0.6802169
2007-04,0.63725376,0.5285201,0.7459874
2007-05,0.5002733,0.39094025,0.60960627
2007-06,0.4567772,0.3207418,0.5928126
2007-07,0.48611054,0.37175223,0.6004689
2007-08,0.49098933,0.33342868,0.64855
2007-09,0.49770272,0.38336387,0.61204153
2007-10,0.49584612,0.400839,0.5908533
2007-11,0.42328802,0.2873285,0.5592475
2007-12,0.38047102,0.21713781,0.5438042
2008-01,0.19786583,0.08372441,0.31200725
2008-02,0.27465206,0.1614077,0.38789642
2008-03,0.6235513,0.5009599,0.7461427
2008-04,0.37144136,0.2647121,0.47817063
2008-05,0.39039692,0.28053796,0.5002559
2008-06,0.41365588,0.27720422,0.55010754
2008-07,0.49706766,0.38757834,0.60655695
2008-08,0.48492756,0.3314411,0.63841397
2008-09,0.4676702,0.35141855,0.58392185
2008-10,0.5850414,0.48916182,0.6809209
2008-11,0.5617169,0.42838106,0.69505274
2008-12,0.43953595,0.27819082,0.60088104
2009-01,0.5281809,0.41096053,0.6454013
2009-02,0.4944173,0.37709567,0.6117389
2009-03,0.46563163,0.33825862,0.59300464
2009-04,0.56068534,0.45334747,0.66802317
2009-05,0.49998552,0.38969842,0.61027265
2009-06,0.5987283,0.45950636,0.73795027
2009-07,0.5931907,0.4815319,0.7048495
2009-08,0.6627823,0.5082482,0.81731635
2009-09,0.6420101,0.52574366,0.75827646
2009-10,0.58571315,0.48915952,0.6822668
2009-11,0.594814,0.46476984,0.72485816
2009-12,0.5297477,0.3674468,0.6920486
2010-01,0.61195433,0.48898587,0.7349228
2010-02,0.6544423,0.5353889,0.7734958
2010-03,0.7378304,0.6156054,0.8600553
2010-04,0.7591565,0.6488069,0.8695062
2010-05,0.6571941,0.54615706,0.7682311
2010-06,0.6397424,0.5064646,0.7730202
2010-07,0.66649765,0.5560442,0.776951
2010-08,0.60601294,0.45137617,0.76064974
2010-09,0.5231406,0.40648043,0.63980085
2010-10,0.55644447,0.46272793,0.650161
2010-11,0.6246625,0.49010226,0.75922275
2010-12,0.36686698,0.21035211,0.5233818
2011-01,0.3838429,0.27556184,0.4921239
2011-02,0.38620687,0.27377677,0.49863693
2011-03,0.4848673,0.36394873,0.6057859
2011-04,0.5617798,0.45418444,0.6693752
2011-05,0.4535032,0.33902678,0.5679796
2011-06,0.5506766,0.4081147,0.6932385
2011-07,0.58499944,0.47127688,0.69872206
2011-08,0.56143934,0.40949076,0.71338797
2011-09,0.51528496,0.4014692,0.62910074
2011-10,0.5141483,0.41569096,0.61260563
2011-11,0.40866324,0.27761555,0.53971094
2011-12,0.4719768,0.3105783,0.6333753
2012-01,0.36418685,0.24805568,0.48031804
2012-02,0.3639312,0.24453379,0.48332864
2012-03,0.4269609,0.29869333,0.5552285
2012-04,0.64778507,0.5347722,0.7607979
2012-05,0.6522627,0.532739,0.77178645
2012-06,0.6387348,0.4940924,0.78337723
2012-07,0.59556323,0.48156598,0.7095605
2012-08,0.6249802,0.4645441,0.78541636
2012-09,0.65033066,0.530949,0.7697124
2012-10,0.6328897,0.5355927,0.73018664
2012-11,0.6315819,0.49092537,0.7722385
2012-12,0.34352255,0.18886504,0.49818006
2013-01,0.53485185,0.41481447,0.6548893
2013-02,0.5873406,0.46210986,0.7125713
2013-03,0.5050351,0.37672627,0.633344
2013-04,0.5070562,0.3877958,0.6263166
2013-05,0.59777606,0.47807878,0.7174733
2013-06,0.5745449,0.43348005,0.7156098
2013-07,0.59461826,0.47696695,0.71226954
2013-08,0.6131122,0.45155802,0.77466637
2013-09,0.61869705,0.49255183,0.74484223
2013-10,0.58538926,0.490425,0.6803535
2013-11,0.748784,0.6129436,0.8846244
2013-12,0.5914376,0.44086537,0.7420098
2014-01,0.60335714,0.4759296,0.73078465
2014-02,0.41017827,0.2853322,0.53502434
2014-03,0.6678899,0.53463954,0.80114025
2014-04,0.72840595,0.61383337,0.84297854
2014-05,0.6881407,0.5698864,0.80639493
2014-06,0.6858785,0.54554784,0.8262091
2014-07,0.61273354,0.4980337,0.7274333
2014-08,0.74573666,0.58766943,0.9038039
2014-09,0.7166202,0.59588385,0.83735657
2014-10,0.7109269,0.6106255,0.8112283
2014-11,0.5665543,0.42119458,0.711914
2014-12,0.7241359,0.5537988,0.894473
2015-01,0.7875256,0.6636165,0.9114347
2015-02,0.7717304,0.6447681,0.8986928
2015-03,0.79332566,0.6620069,0.9246444
2015-04,0.75013465,0.6393115,0.8609578
2015-05,0.787173,0.6748015,0.8995445
2015-06,0.81133205,0.6738656,0.9487984
2015-07,0.7814079,0.66641027,0.8964055
2015-08,0.826291,0.66966677,0.9829153
2015-09,0.88368803,0.7669945,1.0003816
2015-10,0.91905475,0.8229231,1.0151864
2015-11,0.91882783,0.7812588,1.0563968
2015-12,1.1040663,0.94832206,1.2598104
2016-01,1.0129962,0.89087087,1.1351215
2016-02,1.2004812,1.0744606,1.3265017
2016-03,1.1931976,1.0556754,1.3307198
2016-04,1.0259824,0.9184232,1.1335416
2016-05,0.7902951,0.68495476,0.8956355
2016-06,0.81915486,0.68928754,0.9490222
2016-07,0.8166412,0.70729405,0.9259883
2016-08,0.8633024,0.7153626,1.0112422
2016-09,0.8027389,0.6843428,0.921135
2016-10,0.6749251,0.5766523,0.7731978
2016-11,0.6106188,0.47306734,0.7481703
2016-12,0.68969834,0.5301568,0.8492398
2017-01,0.8574998,0.7244111,0.9905885
2017-02,0.97191775,0.84760374,1.0962317
2017-03,0.96600777,0.8278118,1.1042037
2017-04,0.8377851,0.7286824,0.94688785
2017-05,0.73292273,0.6211618,0.8446836
2017-06,0.72640246,0.5918564,0.8609485
2017-07,0.775039,0.6596763,0.8904017
2017-08,0.826641,0.67245895,0.98082316
2017-09,0.7124561,0.59704214,0.8278701
2017-10,0.69978654,0.6029252,0.79664797
2017-11,0.6733964,0.52736264,0.8194301
2017-12,0.72683185,0.5650592,0.8886045
2018-01,0.6592559,0.536184,0.7823279
2018-02,0.6369915,0.5123945,0.7615885
2018-03,0.73485124,0.60376525,0.86593723
2018-04,0.7352817,0.62964934,0.8409141
2018-05,0.6978173,0.5874546,0.80818003
2018-06,0.67353994,0.54483116,0.8022487
2018-07,0.7092253,0.59946185,0.8189888
2018-08,0.68363595,0.5317082,0.8355638
2018-09,0.6999696,0.5833307,0.8166085
2018-10,0.780796,0.6842841,0.8773079
2018-11,0.6892735,0.5476789,0.8308681
2018-12,0.7679161,0.59993637,0.9358958
2019-01,0.8348648,0.71366614,0.95606345
2019-02,0.7798278,0.64459336,0.9150622
2019-03,0.9788923,0.83733636,1.1204484
2019-04,0.87940556,0.76425636,0.99455476
2019-05,0.713929,0.59513605,0.83272195
2019-06,0.7870022,0.6463583,0.92764616
2019-07,0.82477814,0.70669645,0.9428598
2019-08,0.8343905,0.6832137,0.98556733
2019-09,0.8179824,0.6981025,0.93786234
2019-10,0.8460921,0.7424918,0.9496924
2019-11,0.7911673,0.6409549,0.9413797
2019-12,0.95895106,0.79135525,1.1265469
2020-01,1.110028,0.9857356,1.2343205
2020-02,1.102874,0.9634113,1.2423366
2020-03,1.1109062,0.9644414,1.257371
2020-04,0.8988587,0.7866106,1.0111068
2020-05,0.80835384,0.6942704,0.92243737
2020-06,0.773802,0.6324556,0.9151484
2020-07,0.7661781,0.6440621,0.88829404
2020-08,0.8369228,0.6879983,0.9858474
2020-09,0.7973808,0.67886436,0.9158972
2020-10,0.71096617,0.61201715,0.8099152
2020-11,0.83968186,0.6946673,0.9846964
2020-12,0.62923706,0.45178258,0.80669147
2021-01,0.6515605,0.52065194,0.782469
2021-02,0.58299184,0.45457715,0.7114066
2021-03,0.7220619,0.5749757,0.86914796
2021-04,0.70348096,0.58822626,0.8187356
2021-05,0.72018975,0.6066908,0.8336886
2021-06,0.7873393,0.64914006,0.9255386
